datetime,DEMAND,xgb_optuna_fixed_pred
2019-04-13 01:00:00,1161.6177,1156.0995
2019-04-13 02:00:00,1130.4635,1110.862
2019-04-13 03:00:00,1093.8777,1056.5006
2019-04-13 04:00:00,1083.0332,1040.2479
2019-04-13 05:00:00,1081.2705,1026.1967
2019-04-13 06:00:00,1034.6587,997.20374
2019-04-13 07:00:00,1087.6133,1072.2417
2019-04-13 08:00:00,1222.4729,1217.406
2019-04-13 09:00:00,1318.1572,1310.2405
2019-04-13 10:00:00,1390.8348,1399.9095
2019-04-13 11:00:00,1422.3509,1403.4437
2019-04-13 12:00:00,1403.7269,1392.1144
2019-04-13 13:00:00,1381.3652,1376.6682
2019-04-13 14:00:00,1378.3045,1370.7233
2019-04-13 15:00:00,1352.1167,1347.108
2019-04-13 16:00:00,1323.7436,1332.4025
2019-04-13 17:00:00,1273.1797,1262.4017
2019-04-13 18:00:00,1316.2446,1288.8986
2019-04-13 19:00:00,1364.0076,1339.9227
2019-04-13 20:00:00,1343.955,1305.2191
2019-04-13 21:00:00,1312.5201,1276.1299
2019-04-13 22:00:00,1264.8222,1242.9727
2019-04-13 23:00:00,1212.0786,1188.3198
2019-04-14 00:00:00,1169.3011,1139.8464
2019-04-14 01:00:00,1132.6436,1092.0548
2019-04-14 02:00:00,1100.0635,1052.2095
2019-04-14 03:00:00,1073.6992,1049.4219
2019-04-14 04:00:00,1049.3384,1024.4175
2019-04-14 05:00:00,1038.3834,1020.0519
2019-04-14 06:00:00,973.3608,953.3034
2019-04-14 07:00:00,998.4544,987.59106
2019-04-14 08:00:00,1062.4088,1032.059
2019-04-14 09:00:00,1116.6681,1098.0167
2019-04-14 10:00:00,1170.0123,1148.4719
2019-04-14 11:00:00,1208.5383,1202.7362
2019-04-14 12:00:00,1233.0348,1215.6554
2019-04-14 13:00:00,1261.1974,1244.2584
2019-04-14 14:00:00,1238.9007,1232.8129
2019-04-14 15:00:00,1235.8196,1228.6329
2019-04-14 16:00:00,1227.6484,1191.3594
2019-04-14 17:00:00,1202.1964,1191.9551
2019-04-14 18:00:00,1243.0922,1223.6376
2019-04-14 19:00:00,1310.539,1295.0186
2019-04-14 20:00:00,1324.6231,1318.5282
2019-04-14 21:00:00,1337.3451,1316.1976
2019-04-14 22:00:00,1268.3403,1227.712
2019-04-14 23:00:00,1219.7115,1186.7401
2019-04-15 00:00:00,1161.8577,1107.9939
2019-04-15 01:00:00,1118.8786,1084.331
2019-04-15 02:00:00,1080.9274,1047.5872
2019-04-15 03:00:00,1056.9609,1026.9456
2019-04-15 04:00:00,1046.1292,1031.307
2019-04-15 05:00:00,1059.1904,1038.3716
2019-04-15 06:00:00,1062.0567,1054.6353
2019-04-15 07:00:00,1198.3327,1153.0254
2019-04-15 08:00:00,1388.8446,1365.7545
2019-04-15 09:00:00,1498.5021,1479.2603
2019-04-15 10:00:00,1570.1222,1562.262
2019-04-15 11:00:00,1595.4878,1607.5453
2019-04-15 12:00:00,1598.1255,1591.4695
2019-04-15 13:00:00,1649.1844,1648.5547
2019-04-15 14:00:00,1651.4765,1655.4396
2019-04-15 15:00:00,1622.4295,1611.7919
2019-04-15 16:00:00,1545.4469,1546.5278
2019-04-15 17:00:00,1420.2473,1390.8387
2019-04-15 18:00:00,1390.2364,1379.0336
2019-04-15 19:00:00,1435.9499,1418.4915
2019-04-15 20:00:00,1421.188,1396.7488
2019-04-15 21:00:00,1392.2321,1370.8022
2019-04-15 22:00:00,1333.0622,1305.2501
2019-04-15 23:00:00,1273.0805,1255.0148
2019-04-16 00:00:00,1200.5614,1193.7001
2019-04-16 01:00:00,1156.1469,1121.2927
2019-04-16 02:00:00,1099.9473,1093.0437
2019-04-16 03:00:00,1078.2733,1068.9553
2019-04-16 04:00:00,1071.4759,1055.9072
2019-04-16 05:00:00,1082.9903,1065.3657
2019-04-16 06:00:00,1077.9076,1066.2988
2019-04-16 07:00:00,1225.249,1228.6555
2019-04-16 08:00:00,1400.5892,1409.0181
2019-04-16 09:00:00,1515.3498,1501.1742
2019-04-16 10:00:00,1589.8026,1566.7274
2019-04-16 11:00:00,1618.4687,1595.8496
2019-04-16 12:00:00,1617.5154,1603.3859
2019-04-16 13:00:00,1652.9386,1640.5869
2019-04-16 14:00:00,1670.1399,1646.0392
2019-04-16 15:00:00,1641.6788,1568.0144
2019-04-16 16:00:00,1548.1169,1543.8438
2019-04-16 17:00:00,1418.7695,1379.548
2019-04-16 18:00:00,1386.8994,1377.7155
2019-04-16 19:00:00,1422.9168,1404.5123
2019-04-16 20:00:00,1409.2455,1382.4294
2019-04-16 21:00:00,1388.3002,1367.5531
2019-04-16 22:00:00,1333.4004,1303.842
2019-04-16 23:00:00,1266.9066,1249.5066
2019-04-17 00:00:00,1182.76,1181.5325
2019-04-17 01:00:00,1143.2178,1114.277
2019-04-17 02:00:00,1106.7109,1056.7576
2019-04-17 03:00:00,1078.093,1055.0026
2019-04-17 04:00:00,1078.9378,1048.1979
2019-04-17 05:00:00,1074.934,1054.5359
2019-04-17 06:00:00,1075.6808,1056.1251
2019-04-17 07:00:00,1191.0983,1202.5322
2019-04-17 08:00:00,1383.9817,1376.5238
2019-04-17 09:00:00,1475.4969,1468.9067
2019-04-17 10:00:00,1552.2606,1558.7074
2019-04-17 11:00:00,1595.362,1577.4276
2019-04-17 12:00:00,1590.3316,1586.6451
2019-04-17 13:00:00,1623.7403,1612.6289
2019-04-17 14:00:00,1633.6965,1629.7595
2019-04-17 15:00:00,1612.5156,1595.6628
2019-04-17 16:00:00,1524.478,1503.1177
2019-04-17 17:00:00,1410.0921,1398.597
2019-04-17 18:00:00,1400.3533,1376.6595
2019-04-17 19:00:00,1455.2034,1460.9381
2019-04-17 20:00:00,1387.1504,1375.6442
2019-04-17 21:00:00,1369.9397,1366.3867
2019-04-17 22:00:00,1320.2069,1298.2975
2019-04-17 23:00:00,1260.7043,1239.59
2019-04-18 00:00:00,1211.7419,1216.202
2019-04-18 01:00:00,1161.499,1150.814
2019-04-18 02:00:00,1125.322,1107.3562
2019-04-18 03:00:00,1098.792,1094.7291
2019-04-18 04:00:00,1078.9329,1057.2013
2019-04-18 05:00:00,1083.6243,1077.1799
2019-04-18 06:00:00,1059.9768,1059.2655
2019-04-18 07:00:00,1173.3789,1152.4382
2019-04-18 08:00:00,1304.3351,1305.4392
2019-04-18 09:00:00,1385.0279,1377.4607
2019-04-18 10:00:00,1446.3483,1447.7382
2019-04-18 11:00:00,1457.989,1448.4684
2019-04-18 12:00:00,1411.6354,1413.8813
2019-04-18 13:00:00,1417.8799,1421.0883
2019-04-18 14:00:00,1426.6381,1413.6924
2019-04-18 15:00:00,1385.5931,1394.3519
2019-04-18 16:00:00,1313.5371,1315.8971
2019-04-18 17:00:00,1253.01,1248.722
2019-04-18 18:00:00,1298.0035,1270.6866
2019-04-18 19:00:00,1334.4476,1330.21
2019-04-18 20:00:00,1298.8617,1279.1802
2019-04-18 21:00:00,1254.5355,1260.4364
2019-04-18 22:00:00,1193.4114,1189.4889
2019-04-18 23:00:00,1151.0922,1141.6462
2019-04-19 00:00:00,1108.3878,1094.7808
2019-04-19 01:00:00,1074.9297,1070.6492
2019-04-19 02:00:00,1037.3335,1013.94794
2019-04-19 03:00:00,1016.466,1004.82733
2019-04-19 04:00:00,995.9029,979.6358
2019-04-19 05:00:00,971.3081,975.70483
2019-04-19 06:00:00,936.198,952.31177
2019-04-19 07:00:00,949.4949,931.54016
2019-04-19 08:00:00,992.2501,987.0697
2019-04-19 09:00:00,1005.7688,1002.1107
2019-04-19 10:00:00,1043.9789,1044.0063
2019-04-19 11:00:00,1080.4769,1071.944
2019-04-19 12:00:00,1093.7445,1094.529
2019-04-19 13:00:00,1093.1301,1094.6737
2019-04-19 14:00:00,1090.813,1088.9244
2019-04-19 15:00:00,1057.346,1053.931
2019-04-19 16:00:00,1045.8562,1043.6995
2019-04-19 17:00:00,1017.384,1016.25995
2019-04-19 18:00:00,1089.6246,1074.7644
2019-04-19 19:00:00,1158.447,1153.6289
2019-04-19 20:00:00,1169.1743,1173.1555
2019-04-19 21:00:00,1156.5246,1138.7555
2019-04-19 22:00:00,1133.0677,1124.5636
2019-04-19 23:00:00,1098.2215,1085.9603
2019-04-20 00:00:00,1078.8903,1066.8191
2019-05-25 01:00:00,1111.1929,1102.6449
2019-05-25 02:00:00,1065.5066,1095.075
2019-05-25 03:00:00,1045.5582,1054.2775
2019-05-25 04:00:00,1016.5566,1021.953
2019-05-25 05:00:00,1032.5763,1037.0914
2019-05-25 06:00:00,1011.8534,1041.7109
2019-05-25 07:00:00,1077.1507,1123.529
2019-05-25 08:00:00,1214.6239,1240.4714
2019-05-25 09:00:00,1302.2118,1297.8356
2019-05-25 10:00:00,1366.2126,1369.9603
2019-05-25 11:00:00,1378.5389,1385.7175
2019-05-25 12:00:00,1382.318,1384.9282
2019-05-25 13:00:00,1339.0939,1341.0598
2019-05-25 14:00:00,1318.2935,1322.4594
2019-05-25 15:00:00,1299.6913,1311.9092
2019-05-25 16:00:00,1298.4305,1289.3416
2019-05-25 17:00:00,1276.7966,1270.186
2019-05-25 18:00:00,1322.8536,1303.6256
2019-05-25 19:00:00,1364.7751,1353.6578
2019-05-25 20:00:00,1336.3326,1319.0029
2019-05-25 21:00:00,1307.7488,1310.0154
2019-05-25 22:00:00,1269.574,1273.9159
2019-05-25 23:00:00,1212.5645,1223.0253
2019-05-26 00:00:00,1139.0184,1151.9817
2019-05-26 01:00:00,1109.5606,1131.3289
2019-05-26 02:00:00,1061.342,1082.5753
2019-05-26 03:00:00,1035.4164,1053.7251
2019-05-26 04:00:00,1029.3628,1037.0515
2019-05-26 05:00:00,1010.0609,1022.8585
2019-05-26 06:00:00,942.4617,967.89954
2019-05-26 07:00:00,968.2809,992.8703
2019-05-26 08:00:00,1015.1522,1037.5035
2019-05-26 09:00:00,1080.5946,1087.0419
2019-05-26 10:00:00,1135.3658,1150.266
2019-05-26 11:00:00,1180.8513,1204.0525
2019-05-26 12:00:00,1176.3302,1205.8528
2019-05-26 13:00:00,1197.8686,1203.0321
2019-05-26 14:00:00,1184.6651,1195.2507
2019-05-26 15:00:00,1173.1649,1184.5808
2019-05-26 16:00:00,1152.1581,1184.3108
2019-05-26 17:00:00,1139.1794,1173.3561
2019-05-26 18:00:00,1207.5323,1220.5798
2019-05-26 19:00:00,1266.2507,1279.8207
2019-05-26 20:00:00,1277.0317,1278.8684
2019-05-26 21:00:00,1282.5104,1280.573
2019-05-26 22:00:00,1235.6524,1238.6343
2019-05-26 23:00:00,1159.4846,1162.128
2019-05-27 00:00:00,1111.0678,1118.0018
2019-05-27 01:00:00,1066.7049,1066.5004
2019-05-27 02:00:00,1019.8599,1032.6985
2019-05-27 03:00:00,1004.4945,1000.5792
2019-05-27 04:00:00,1006.1143,1013.99445
2019-05-27 05:00:00,1029.0181,1027.8164
2019-05-27 06:00:00,1036.3265,1030.4541
2019-05-27 07:00:00,1162.2073,1159.7516
2019-05-27 08:00:00,1331.2557,1332.9841
2019-05-27 09:00:00,1426.5374,1442.6427
2019-05-27 10:00:00,1505.6589,1524.7986
2019-05-27 11:00:00,1558.5418,1546.5734
2019-05-27 12:00:00,1539.3202,1539.9348
2019-05-27 13:00:00,1568.1608,1563.8013
2019-05-27 14:00:00,1581.0632,1565.6366
2019-05-27 15:00:00,1545.6118,1549.9617
2019-05-27 16:00:00,1440.8532,1433.9001
2019-05-27 17:00:00,1352.5567,1339.3937
2019-05-27 18:00:00,1391.8539,1370.5612
2019-05-27 19:00:00,1417.6966,1414.8815
2019-05-27 20:00:00,1385.0937,1375.1517
2019-05-27 21:00:00,1340.0675,1343.6387
2019-05-27 22:00:00,1269.4755,1268.0493
2019-05-27 23:00:00,1195.5243,1184.9019
2019-05-28 00:00:00,1142.2585,1135.508
2019-05-28 01:00:00,1115.125,1086.301
2019-05-28 02:00:00,1073.519,1062.4156
2019-05-28 03:00:00,1043.1857,1032.0544
2019-05-28 04:00:00,1009.327,1023.7005
2019-05-28 05:00:00,1030.4039,1029.2755
2019-05-28 06:00:00,1032.2579,1045.2067
2019-05-28 07:00:00,1166.8676,1180.8253
2019-05-28 08:00:00,1338.7657,1342.8522
2019-05-28 09:00:00,1445.1745,1447.7415
2019-05-28 10:00:00,1522.0642,1519.5364
2019-05-28 11:00:00,1556.6408,1559.9918
2019-05-28 12:00:00,1562.063,1561.8153
2019-05-28 13:00:00,1563.3533,1573.6051
2019-05-28 14:00:00,1589.4095,1554.5281
2019-05-28 15:00:00,1520.3733,1513.4026
2019-05-28 16:00:00,1461.8034,1445.0367
2019-05-28 17:00:00,1340.859,1350.4703
2019-05-28 18:00:00,1358.1384,1344.3312
2019-05-28 19:00:00,1410.0294,1414.9047
2019-05-28 20:00:00,1379.7418,1376.2305
2019-05-28 21:00:00,1337.8756,1342.9608
2019-05-28 22:00:00,1277.8696,1272.7991
2019-05-28 23:00:00,1187.7384,1191.8774
2019-05-29 00:00:00,1130.0352,1126.7842
2019-05-29 01:00:00,1103.1575,1102.9454
2019-05-29 02:00:00,1069.2276,1074.1954
2019-05-29 03:00:00,1041.5339,1048.138
2019-05-29 04:00:00,1035.3078,1041.0712
2019-05-29 05:00:00,1058.7347,1073.7861
2019-05-29 06:00:00,1066.6725,1044.3612
2019-05-29 07:00:00,1209.3474,1195.8439
2019-05-29 08:00:00,1381.6702,1381.4629
2019-05-29 09:00:00,1470.8761,1443.9764
2019-05-29 10:00:00,1515.0559,1515.5135
2019-05-29 11:00:00,1538.447,1531.1097
2019-05-29 12:00:00,1546.1504,1545.9191
2019-05-29 13:00:00,1558.0502,1547.799
2019-05-29 14:00:00,1585.5845,1540.7842
2019-05-29 15:00:00,1568.2347,1492.0376
2019-05-29 16:00:00,1458.2771,1366.1884
2019-05-29 17:00:00,1375.0686,1328.793
2019-05-29 18:00:00,1364.9565,1323.7235
2019-05-29 19:00:00,1423.3973,1367.4076
2019-05-29 20:00:00,1398.9162,1342.2971
2019-05-29 21:00:00,1343.9058,1325.2703
2019-05-29 22:00:00,1219.0693,1223.951
2019-05-29 23:00:00,1231.6277,1204.8555
2019-05-30 00:00:00,1173.4651,1151.8293
2019-05-30 01:00:00,1125.4634,1100.7255
2019-05-30 02:00:00,1100.2315,1075.8873
2019-05-30 03:00:00,1061.8644,1067.8011
2019-05-30 04:00:00,1055.2805,1043.9407
2019-05-30 05:00:00,1070.4832,1068.9503
2019-05-30 06:00:00,1065.2868,1068.185
2019-05-30 07:00:00,1199.0994,1193.0784
2019-05-30 08:00:00,1341.5691,1334.5466
2019-05-30 09:00:00,1408.2301,1404.267
2019-05-30 10:00:00,1474.5286,1474.6422
2019-05-30 11:00:00,1510.5485,1510.0576
2019-05-30 12:00:00,1515.1092,1522.3242
2019-05-30 13:00:00,1558.893,1553.7618
2019-05-30 14:00:00,1561.5004,1552.7676
2019-05-30 15:00:00,1501.1387,1494.823
2019-05-30 16:00:00,1417.9688,1410.5295
2019-05-30 17:00:00,1298.954,1298.1711
2019-05-30 18:00:00,1296.6249,1303.9623
2019-05-30 19:00:00,1328.824,1328.9727
2019-05-30 20:00:00,1289.7561,1304.8899
2019-05-30 21:00:00,1291.6457,1303.0226
2019-05-30 22:00:00,1257.9078,1263.1028
2019-05-30 23:00:00,1164.7156,1173.9407
2019-05-31 00:00:00,1123.69,1115.2103
2019-05-31 01:00:00,1086.6686,1092.8035
2019-05-31 02:00:00,1044.6976,1047.9274
2019-05-31 03:00:00,1033.0806,1037.9037
2019-05-31 04:00:00,1020.6269,1019.27234
2019-05-31 05:00:00,1045.8557,1054.4236
2019-05-31 06:00:00,1056.0683,1072.7104
2019-05-31 07:00:00,1178.2497,1181.9199
2019-05-31 08:00:00,1324.8076,1324.0433
2019-05-31 09:00:00,1392.9513,1403.7451
2019-05-31 10:00:00,1452.9696,1449.9762
2019-05-31 11:00:00,1485.3966,1495.2587
2019-05-31 12:00:00,1506.0643,1491.1063
2019-05-31 13:00:00,1549.9394,1532.0276
2019-05-31 14:00:00,1521.0088,1514.3969
2019-05-31 15:00:00,1446.9084,1461.8156
2019-05-31 16:00:00,1335.3912,1363.2915
2019-05-31 17:00:00,1272.3318,1285.1077
2019-05-31 18:00:00,1295.4264,1309.7905
2019-05-31 19:00:00,1349.7892,1355.0918
2019-05-31 20:00:00,1306.5254,1322.3817
2019-05-31 21:00:00,1282.9709,1286.8864
2019-05-31 22:00:00,1219.6852,1230.2938
2019-05-31 23:00:00,1159.4421,1177.7471
2019-06-01 00:00:00,1103.1713,1121.2047
2019-06-15 01:00:00,1163.2225,1117.977
2019-06-15 02:00:00,1147.8767,1095.5681
2019-06-15 03:00:00,1118.8809,1073.1384
2019-06-15 04:00:00,1104.5504,1052.9036
2019-06-15 05:00:00,1085.3815,1066.0164
2019-06-15 06:00:00,1068.0507,1038.9742
2019-06-15 07:00:00,1181.7676,1136.6841
2019-06-15 08:00:00,1291.9494,1214.8033
2019-06-15 09:00:00,1371.328,1296.6705
2019-06-15 10:00:00,1439.8544,1368.2058
2019-06-15 11:00:00,1458.6024,1416.1486
2019-06-15 12:00:00,1396.3755,1374.7219
2019-06-15 13:00:00,1368.7727,1345.286
2019-06-15 14:00:00,1341.2711,1308.7944
2019-06-15 15:00:00,1312.7561,1291.5586
2019-06-15 16:00:00,1313.9496,1282.0596
2019-06-15 17:00:00,1289.265,1232.2228
2019-06-15 18:00:00,1312.7801,1283.0363
2019-06-15 19:00:00,1348.0786,1330.4055
2019-06-15 20:00:00,1340.4429,1293.5735
2019-06-15 21:00:00,1294.9332,1269.1985
2019-06-15 22:00:00,1249.7836,1234.2603
2019-06-15 23:00:00,1224.4184,1187.4047
2019-06-16 00:00:00,1169.2469,1137.255
2019-06-16 01:00:00,1124.2092,1095.5436
2019-06-16 02:00:00,1091.133,1067.623
2019-06-16 03:00:00,1060.7884,1046.0669
2019-06-16 04:00:00,1026.3927,1014.521
2019-06-16 05:00:00,1005.0574,977.3539
2019-06-16 06:00:00,973.4783,956.28973
2019-06-16 07:00:00,999.0711,995.14307
2019-06-16 08:00:00,1044.3452,1022.6075
2019-06-16 09:00:00,1123.9357,1103.4692
2019-06-16 10:00:00,1184.9965,1147.7139
2019-06-16 11:00:00,1232.4674,1202.7118
2019-06-16 12:00:00,1258.2559,1239.3411
2019-06-16 13:00:00,1255.2373,1239.1311
2019-06-16 14:00:00,1215.5114,1232.9158
2019-06-16 15:00:00,1186.6003,1217.7252
2019-06-16 16:00:00,1173.3699,1189.88
2019-06-16 17:00:00,1198.0271,1197.8142
2019-06-16 18:00:00,1221.2867,1220.1365
2019-06-16 19:00:00,1299.8099,1268.9138
2019-06-16 20:00:00,1309.9409,1271.5455
2019-06-16 21:00:00,1302.5046,1260.6176
2019-06-16 22:00:00,1269.1859,1239.4022
2019-06-16 23:00:00,1196.8735,1163.9382
2019-06-17 00:00:00,1150.0237,1124.8091
2019-06-17 01:00:00,1098.6482,1084.0549
2019-06-17 02:00:00,1059.7788,1036.0676
2019-06-17 03:00:00,1037.347,1015.4016
2019-06-17 04:00:00,1030.5544,1017.57513
2019-06-17 05:00:00,1046.0042,1051.095
2019-06-17 06:00:00,1056.0271,1054.4196
2019-06-17 07:00:00,1227.6484,1224.3588
2019-06-17 08:00:00,1420.665,1414.8579
2019-06-17 09:00:00,1528.1213,1486.2031
2019-06-17 10:00:00,1600.1505,1544.4955
2019-06-17 11:00:00,1647.3218,1608.5918
2019-06-17 12:00:00,1635.8506,1596.4153
2019-06-17 13:00:00,1650.6301,1647.7972
2019-06-17 14:00:00,1668.337,1658.4639
2019-06-17 15:00:00,1647.3715,1611.4962
2019-06-17 16:00:00,1551.6172,1498.4961
2019-06-17 17:00:00,1412.9387,1405.3899
2019-06-17 18:00:00,1426.7242,1409.1793
2019-06-17 19:00:00,1498.4435,1467.7502
2019-06-17 20:00:00,1472.1777,1417.1432
2019-06-17 21:00:00,1441.6623,1386.6134
2019-06-17 22:00:00,1376.0756,1302.2136
2019-06-17 23:00:00,1305.3988,1278.8464
2019-06-18 00:00:00,1234.7197,1162.3127
2019-06-18 01:00:00,1173.8538,1107.7291
2019-06-18 02:00:00,1147.4043,1076.366
2019-06-18 03:00:00,1124.3109,1069.1721
2019-06-18 04:00:00,1108.8207,1057.3142
2019-06-18 05:00:00,1122.6748,1062.7845
2019-06-18 06:00:00,1120.711,1059.1655
2019-06-18 07:00:00,1250.5833,1233.0099
2019-06-18 08:00:00,1422.8099,1385.5162
2019-06-18 09:00:00,1529.1476,1477.1051
2019-06-18 10:00:00,1630.5428,1605.7726
2019-06-18 11:00:00,1672.1034,1674.2034
2019-06-18 12:00:00,1694.8607,1665.9003
2019-06-18 13:00:00,1709.3298,1687.184
2019-06-18 14:00:00,1703.2183,1681.0553
2019-06-18 15:00:00,1674.1808,1620.3702
2019-06-18 16:00:00,1562.4906,1462.6503
2019-06-18 17:00:00,1448.5272,1363.1714
2019-06-18 18:00:00,1442.1771,1406.2273
2019-06-18 19:00:00,1517.0013,1455.7128
2019-06-18 20:00:00,1513.6304,1424.4182
2019-06-18 21:00:00,1468.9324,1402.6218
2019-06-18 22:00:00,1410.0446,1297.4598
2019-06-18 23:00:00,1339.3879,1291.9255
2019-06-19 00:00:00,1259.1849,1219.4077
2019-06-19 01:00:00,1193.2756,1137.7968
2019-06-19 02:00:00,1185.7087,1138.6068
2019-06-19 03:00:00,1151.1603,1100.5774
2019-06-19 04:00:00,1145.4363,1095.6991
2019-06-19 05:00:00,1146.1566,1092.1796
2019-06-19 06:00:00,1134.6571,1102.352
2019-06-19 07:00:00,1306.4554,1283.3921
2019-06-19 08:00:00,1446.4052,1415.1475
2019-06-19 09:00:00,1541.1639,1510.3638
2019-06-19 10:00:00,1621.54,1573.3185
2019-06-19 11:00:00,1661.8423,1610.2416
2019-06-19 12:00:00,1659.7722,1610.2776
2019-06-19 13:00:00,1668.9409,1622.1361
2019-06-19 14:00:00,1639.0298,1616.5352
2019-06-19 15:00:00,1579.7676,1593.3136
2019-06-19 16:00:00,1482.2162,1473.8118
2019-06-19 17:00:00,1413.7785,1371.9233
2019-06-19 18:00:00,1462.1193,1432.7383
2019-06-19 19:00:00,1515.7684,1493.9606
2019-06-19 20:00:00,1468.3341,1457.6088
2019-06-19 21:00:00,1445.2351,1404.3534
2019-06-19 22:00:00,1380.3078,1318.4789
2019-06-19 23:00:00,1319.2451,1276.1105
2019-06-20 00:00:00,1243.0708,1201.2955
2019-06-20 01:00:00,1194.8896,1178.1044
2019-06-20 02:00:00,1161.734,1152.0497
2019-06-20 03:00:00,1135.8114,1116.7507
2019-06-20 04:00:00,1111.2969,1103.3695
2019-06-20 05:00:00,1147.4281,1091.0706
2019-06-20 06:00:00,1131.3248,1109.8583
2019-06-20 07:00:00,1248.0249,1242.4784
2019-06-20 08:00:00,1399.1558,1390.2881
2019-06-20 09:00:00,1480.1763,1431.1531
2019-06-20 10:00:00,1560.5892,1522.9518
2019-06-20 11:00:00,1610.9798,1594.0023
2019-06-20 12:00:00,1592.4119,1571.4418
2019-06-20 13:00:00,1644.4954,1622.8936
2019-06-20 14:00:00,1656.0719,1615.0054
2019-06-20 15:00:00,1603.0067,1582.3608
2019-06-20 16:00:00,1512.5443,1476.8701
2019-06-20 17:00:00,1408.7502,1338.909
2019-06-20 18:00:00,1414.3969,1367.3671
2019-06-20 19:00:00,1473.911,1409.5037
2019-06-20 20:00:00,1442.089,1397.3003
2019-06-20 21:00:00,1433.9044,1379.1062
2019-06-20 22:00:00,1370.8304,1338.179
2019-06-20 23:00:00,1302.9586,1240.2417
2019-06-21 00:00:00,1221.4921,1190.3997
2019-06-21 01:00:00,1183.9221,1149.2303
2019-06-21 02:00:00,1138.0403,1109.6326
2019-06-21 03:00:00,1118.8778,1109.778
2019-06-21 04:00:00,1109.8351,1099.6788
2019-06-21 05:00:00,1130.5952,1106.2877
2019-06-21 06:00:00,1134.5975,1111.0598
2019-06-21 07:00:00,1244.4026,1217.03
2019-06-21 08:00:00,1415.0535,1373.4269
2019-06-21 09:00:00,1495.8739,1458.8398
2019-06-21 10:00:00,1567.5922,1506.2273
2019-06-21 11:00:00,1596.5028,1541.7798
2019-06-21 12:00:00,1588.5457,1535.1207
2019-06-21 13:00:00,1567.473,1553.8665
2019-06-21 14:00:00,1556.0104,1536.0598
2019-06-21 15:00:00,1461.5427,1497.1885
2019-06-21 16:00:00,1405.1384,1420.6847
2019-06-21 17:00:00,1317.6429,1320.5006
2019-06-21 18:00:00,1331.1652,1335.0267
2019-06-21 19:00:00,1380.3271,1372.0298
2019-06-21 20:00:00,1386.8623,1350.3279
2019-06-21 21:00:00,1365.0818,1319.0215
2019-06-21 22:00:00,1308.5071,1259.6108
2019-06-21 23:00:00,1252.9092,1228.6263
2019-06-22 00:00:00,1201.831,1178.6702
2019-07-20 01:00:00,1094.7268,1081.6412
2019-07-20 02:00:00,1074.9838,1049.7563
2019-07-20 03:00:00,1044.6199,1016.31805
2019-07-20 04:00:00,1051.9753,1011.8171
2019-07-20 05:00:00,1051.1634,1016.9395
2019-07-20 06:00:00,1026.5756,1039.2411
2019-07-20 07:00:00,1093.4059,1138.5245
2019-07-20 08:00:00,1220.8055,1237.9836
2019-07-20 09:00:00,1350.8568,1330.4369
2019-07-20 10:00:00,1427.9453,1415.6036
2019-07-20 11:00:00,1457.0385,1446.498
2019-07-20 12:00:00,1440.9547,1421.6599
2019-07-20 13:00:00,1400.7403,1419.188
2019-07-20 14:00:00,1411.5001,1417.3718
2019-07-20 15:00:00,1416.0087,1392.1696
2019-07-20 16:00:00,1379.3022,1369.245
2019-07-20 17:00:00,1344.3251,1307.417
2019-07-20 18:00:00,1351.8239,1340.5039
2019-07-20 19:00:00,1400.0814,1372.1344
2019-07-20 20:00:00,1392.0466,1366.5511
2019-07-20 21:00:00,1344.3358,1293.6787
2019-07-20 22:00:00,1323.0183,1273.3827
2019-07-20 23:00:00,1278.2731,1260.2843
2019-07-21 00:00:00,1206.4349,1177.7987
2019-07-21 01:00:00,1171.0586,1138.7963
2019-07-21 02:00:00,1114.8611,1083.3524
2019-07-21 03:00:00,1092.1081,1051.2694
2019-07-21 04:00:00,1091.6951,1038.3663
2019-07-21 05:00:00,1123.6962,1039.6057
2019-07-21 06:00:00,1074.0834,1005.3617
2019-07-21 07:00:00,1078.48,1025.9121
2019-07-21 08:00:00,1109.4793,1053.433
2019-07-21 09:00:00,1153.6596,1111.203
2019-07-21 10:00:00,1225.7717,1182.0093
2019-07-21 11:00:00,1269.2308,1242.5863
2019-07-21 12:00:00,1281.0209,1255.7267
2019-07-21 13:00:00,1286.1007,1252.6951
2019-07-21 14:00:00,1259.1014,1235.2119
2019-07-21 15:00:00,1241.3729,1202.3102
2019-07-21 16:00:00,1204.5532,1172.1906
2019-07-21 17:00:00,1231.5829,1197.2319
2019-07-21 18:00:00,1261.6986,1186.6666
2019-07-21 19:00:00,1325.455,1263.121
2019-07-21 20:00:00,1383.9296,1259.349
2019-07-21 21:00:00,1325.1321,1238.472
2019-07-21 22:00:00,1273.1222,1198.3816
2019-07-21 23:00:00,1192.8489,1136.6841
2019-07-22 00:00:00,1121.1791,1075.4669
2019-07-22 01:00:00,1083.8506,1052.2456
2019-07-22 02:00:00,1071.3005,1034.0461
2019-07-22 03:00:00,1028.1982,989.3221
2019-07-22 04:00:00,1025.5523,984.89874
2019-07-22 05:00:00,1052.5251,1009.449
2019-07-22 06:00:00,1069.6344,1032.5046
2019-07-22 07:00:00,1207.3917,1193.5316
2019-07-22 08:00:00,1384.8123,1364.3727
2019-07-22 09:00:00,1468.8557,1442.0245
2019-07-22 10:00:00,1552.1171,1559.8923
2019-07-22 11:00:00,1594.0221,1576.2834
2019-07-22 12:00:00,1568.1573,1568.8583
2019-07-22 13:00:00,1590.8084,1589.4191
2019-07-22 14:00:00,1565.2795,1578.7367
2019-07-22 15:00:00,1514.0418,1500.4491
2019-07-22 16:00:00,1418.4584,1436.9991
2019-07-22 17:00:00,1299.9241,1309.5581
2019-07-22 18:00:00,1304.1956,1294.1394
2019-07-22 19:00:00,1333.8107,1329.6376
2019-07-22 20:00:00,1296.5906,1294.7561
2019-07-22 21:00:00,1269.9376,1270.0637
2019-07-22 22:00:00,1195.93,1188.8553
2019-07-22 23:00:00,1127.2731,1140.5222
2019-07-23 00:00:00,1076.6905,1086.6152
2019-07-23 01:00:00,1042.5841,1057.6564
2019-07-23 02:00:00,998.0971,1010.79785
2019-07-23 03:00:00,982.0455,996.0646
2019-07-23 04:00:00,971.885,977.1859
2019-07-23 05:00:00,988.9662,1010.3925
2019-07-23 06:00:00,1025.3107,1035.1078
2019-07-23 07:00:00,1132.2914,1134.4185
2019-07-23 08:00:00,1311.6181,1313.7603
2019-07-23 09:00:00,1412.8304,1385.4531
2019-07-23 10:00:00,1469.8722,1461.3372
2019-07-23 11:00:00,1495.9299,1466.7527
2019-07-23 12:00:00,1444.4745,1434.1185
2019-07-23 13:00:00,1433.3313,1434.6407
2019-07-23 14:00:00,1402.8985,1425.6874
2019-07-23 15:00:00,1358.2419,1384.3004
2019-07-23 16:00:00,1270.9681,1296.5522
2019-07-23 17:00:00,1214.4028,1241.1732
2019-07-23 18:00:00,1221.4577,1223.8032
2019-07-23 19:00:00,1257.8448,1288.9409
2019-07-23 20:00:00,1229.12,1247.7471
2019-07-23 21:00:00,1198.513,1223.6691
2019-07-23 22:00:00,1140.9362,1180.2894
2019-07-23 23:00:00,1072.3941,1099.3442
2019-07-24 00:00:00,1015.8083,1036.0839
2019-07-24 01:00:00,986.3811,1013.31226
2019-07-24 02:00:00,963.3152,987.0592
2019-07-24 03:00:00,960.3818,978.34406
2019-07-24 04:00:00,977.9914,960.80817
2019-07-24 05:00:00,994.3552,996.7164
2019-07-24 06:00:00,1011.3426,1008.6662
2019-07-24 07:00:00,1126.314,1139.8594
2019-07-24 08:00:00,1262.2663,1300.9337
2019-07-24 09:00:00,1346.6085,1368.5294
2019-07-24 10:00:00,1444.0561,1430.8649
2019-07-24 11:00:00,1491.9794,1474.8215
2019-07-24 12:00:00,1483.4121,1436.6996
2019-07-24 13:00:00,1484.1664,1479.4854
2019-07-24 14:00:00,1478.1327,1498.6465
2019-07-24 15:00:00,1424.9679,1425.4114
2019-07-24 16:00:00,1348.4028,1351.4176
2019-07-24 17:00:00,1273.8696,1278.2316
2019-07-24 18:00:00,1284.7947,1262.387
2019-07-24 19:00:00,1323.9946,1326.5927
2019-07-24 20:00:00,1284.002,1304.683
2019-07-24 21:00:00,1245.2887,1270.4061
2019-07-24 22:00:00,1170.9151,1210.8427
2019-07-24 23:00:00,1114.5945,1129.9493
2019-07-25 00:00:00,1069.8983,1058.4187
2019-07-25 01:00:00,1025.9045,1042.6691
2019-07-25 02:00:00,1018.5996,1015.5022
2019-07-25 03:00:00,993.0899,980.7901
2019-07-25 04:00:00,980.9678,976.7068
2019-07-25 05:00:00,1002.2042,994.9752
2019-07-25 06:00:00,1020.8939,1003.3445
2019-07-25 07:00:00,1140.1203,1132.566
2019-07-25 08:00:00,1268.4609,1267.0433
2019-07-25 09:00:00,1335.3844,1347.7467
2019-07-25 10:00:00,1386.2609,1407.8602
2019-07-25 11:00:00,1413.928,1422.615
2019-07-25 12:00:00,1425.8294,1423.4288
2019-07-25 13:00:00,1469.371,1469.7732
2019-07-25 14:00:00,1472.2521,1469.8503
2019-07-25 15:00:00,1418.4278,1413.2394
2019-07-25 16:00:00,1349.348,1344.8242
2019-07-25 17:00:00,1248.5993,1272.1002
2019-07-25 18:00:00,1240.9673,1274.6702
2019-07-25 19:00:00,1300.3268,1338.4955
2019-07-25 20:00:00,1267.5161,1300.1156
2019-07-25 21:00:00,1229.5339,1281.5125
2019-07-25 22:00:00,1179.8616,1199.6791
2019-07-25 23:00:00,1104.3244,1146.8551
2019-07-26 00:00:00,1041.19,1066.09
2019-07-26 01:00:00,997.859,1020.9197
2019-07-26 02:00:00,974.0596,1012.31824
2019-07-26 03:00:00,955.5368,993.689
2019-07-26 04:00:00,953.4173,989.6462
2019-07-26 05:00:00,995.2547,1025.3907
2019-07-26 06:00:00,1000.3743,1013.07025
2019-07-26 07:00:00,1128.2163,1135.0493
2019-07-26 08:00:00,1291.713,1303.8826
2019-07-26 09:00:00,1366.2024,1404.6642
2019-07-26 10:00:00,1384.3881,1405.8596
2019-07-26 11:00:00,1347.7902,1378.7372
2019-07-26 12:00:00,1311.9108,1381.6112
2019-07-26 13:00:00,1308.5881,1344.3816
2019-07-26 14:00:00,1308.7671,1361.6768
2019-07-26 15:00:00,1306.8014,1349.4889
2019-07-26 16:00:00,1254.57,1322.103
2019-07-26 17:00:00,1172.7403,1282.7241
2019-07-26 18:00:00,1181.6396,1263.7761
2019-07-26 19:00:00,1242.8286,1301.3744
2019-07-26 20:00:00,1204.7183,1289.8634
2019-07-26 21:00:00,1171.0447,1243.3702
2019-07-26 22:00:00,1125.8802,1194.3433
2019-07-26 23:00:00,1064.8761,1105.5616
2019-07-27 00:00:00,1015.5141,1069.4331
2019-08-17 01:00:00,929.7622,961.9055
2019-08-17 02:00:00,923.3367,951.3753
2019-08-17 03:00:00,908.449,936.7261
2019-08-17 04:00:00,908.6005,930.99274
2019-08-17 05:00:00,923.5563,923.1378
2019-08-17 06:00:00,905.3014,922.25635
2019-08-17 07:00:00,975.5656,1018.7037
2019-08-17 08:00:00,1119.7054,1143.5084
2019-08-17 09:00:00,1222.1149,1247.1154
2019-08-17 10:00:00,1298.7967,1285.9075
2019-08-17 11:00:00,1315.5226,1340.1311
2019-08-17 12:00:00,1303.4594,1315.1848
2019-08-17 13:00:00,1294.5339,1292.5297
2019-08-17 14:00:00,1297.4606,1298.359
2019-08-17 15:00:00,1279.9774,1279.7661
2019-08-17 16:00:00,1229.8861,1221.6431
2019-08-17 17:00:00,1189.9505,1203.1865
2019-08-17 18:00:00,1215.4534,1230.0117
2019-08-17 19:00:00,1273.3635,1272.099
2019-08-17 20:00:00,1255.2174,1263.7986
2019-08-17 21:00:00,1197.0983,1223.453
2019-08-17 22:00:00,1138.7249,1173.4661
2019-08-17 23:00:00,1092.1201,1099.8539
2019-08-18 00:00:00,1054.8197,1058.7229
2019-08-18 01:00:00,1015.9265,1034.9518
2019-08-18 02:00:00,987.5047,997.54395
2019-08-18 03:00:00,964.6533,968.2152
2019-08-18 04:00:00,918.9125,935.0737
2019-08-18 05:00:00,914.0989,943.9055
2019-08-18 06:00:00,868.3094000000001,896.0538
2019-08-18 07:00:00,896.3494000000002,960.4175
2019-08-18 08:00:00,974.2323,1031.5382
2019-08-18 09:00:00,1035.6958,1088.1663
2019-08-18 10:00:00,1124.4768,1150.6826
2019-08-18 11:00:00,1176.1005,1206.5454
2019-08-18 12:00:00,1180.2989,1210.0372
2019-08-18 13:00:00,1227.8101,1228.2626
2019-08-18 14:00:00,1217.0918,1215.4196
2019-08-18 15:00:00,1214.7555,1185.3832
2019-08-18 16:00:00,1202.428,1157.392
2019-08-18 17:00:00,1194.171,1148.3383
2019-08-18 18:00:00,1242.4868,1182.3469
2019-08-18 19:00:00,1325.7784,1256.7151
2019-08-18 20:00:00,1319.1526,1280.2457
2019-08-18 21:00:00,1304.1126,1243.0172
2019-08-18 22:00:00,1264.0286,1211.0795
2019-08-18 23:00:00,1168.5828,1165.7579
2019-08-19 00:00:00,1104.5494,1105.2214
2019-08-19 01:00:00,1079.0425,1052.8693
2019-08-19 02:00:00,1039.4759,1025.4984
2019-08-19 03:00:00,1027.1352,1017.7645
2019-08-19 04:00:00,1009.1206,1002.17847
2019-08-19 05:00:00,1053.1523,1012.755
2019-08-19 06:00:00,1051.2582,1024.9039
2019-08-19 07:00:00,1180.2835,1151.9086
2019-08-19 08:00:00,1356.5888,1344.7617
2019-08-19 09:00:00,1464.3488,1454.6924
2019-08-19 10:00:00,1508.1073,1495.7109
2019-08-19 11:00:00,1551.8441,1524.8451
2019-08-19 12:00:00,1538.7857,1524.0566
2019-08-19 13:00:00,1542.1992,1534.2606
2019-08-19 14:00:00,1507.0766,1486.2557
2019-08-19 15:00:00,1466.7455,1441.2589
2019-08-19 16:00:00,1388.6853,1383.2496
2019-08-19 17:00:00,1270.5294,1272.498
2019-08-19 18:00:00,1271.158,1271.9082
2019-08-19 19:00:00,1339.5758,1322.9115
2019-08-19 20:00:00,1312.8657,1300.0363
2019-08-19 21:00:00,1279.7816,1260.5258
2019-08-19 22:00:00,1205.357,1184.3668
2019-08-19 23:00:00,1153.6669,1100.5663
2019-08-20 00:00:00,1093.9781,1038.3203
2019-08-20 01:00:00,1061.2458,1026.7412
2019-08-20 02:00:00,1027.0614,996.88477
2019-08-20 03:00:00,1011.5626,976.60425
2019-08-20 04:00:00,990.3846,981.4465
2019-08-20 05:00:00,1003.4499,1008.2184
2019-08-20 06:00:00,1044.7135,1022.5626
2019-08-20 07:00:00,1165.3316,1134.2544
2019-08-20 08:00:00,1332.0159,1306.0317
2019-08-20 09:00:00,1423.9648,1394.766
2019-08-20 10:00:00,1500.699,1474.0778
2019-08-20 11:00:00,1558.8151,1475.4009
2019-08-20 12:00:00,1568.3436,1537.6948
2019-08-20 13:00:00,1610.2094,1592.5333
2019-08-20 14:00:00,1598.5687,1595.5964
2019-08-20 15:00:00,1585.0236,1541.1019
2019-08-20 16:00:00,1501.3576,1434.7012
2019-08-20 17:00:00,1386.1276,1339.3905
2019-08-20 18:00:00,1401.6477,1332.864
2019-08-20 19:00:00,1430.0353,1405.2426
2019-08-20 20:00:00,1387.6532,1353.1711
2019-08-20 21:00:00,1347.7403,1315.9535
2019-08-20 22:00:00,1270.9773,1263.9207
2019-08-20 23:00:00,1202.3688,1167.5149
2019-08-21 00:00:00,1134.6372,1108.0248
2019-08-21 01:00:00,1077.9462,1045.62
2019-08-21 02:00:00,1040.8911,999.032
2019-08-21 03:00:00,1026.9,999.8715
2019-08-21 04:00:00,1018.3584,989.231
2019-08-21 05:00:00,1040.7981,1008.00757
2019-08-21 06:00:00,1047.928,1008.5194
2019-08-21 07:00:00,1156.7157,1128.6888
2019-08-21 08:00:00,1335.4446,1277.491
2019-08-21 09:00:00,1416.3447,1365.7065
2019-08-21 10:00:00,1490.0671,1486.659
2019-08-21 11:00:00,1515.0216,1522.2828
2019-08-21 12:00:00,1513.8102,1509.4796
2019-08-21 13:00:00,1533.3411,1529.6898
2019-08-21 14:00:00,1532.7856,1522.6819
2019-08-21 15:00:00,1471.0446,1492.8347
2019-08-21 16:00:00,1391.967,1426.0193
2019-08-21 17:00:00,1288.4343,1310.8823
2019-08-21 18:00:00,1295.7715,1303.7144
2019-08-21 19:00:00,1339.5937,1351.5706
2019-08-21 20:00:00,1315.6332,1321.3887
2019-08-21 21:00:00,1267.4569,1300.3718
2019-08-21 22:00:00,1215.2449,1230.1346
2019-08-21 23:00:00,1160.3637,1153.2988
2019-08-22 00:00:00,1083.7582,1075.9619
2019-08-22 01:00:00,1051.517,1026.9902
2019-08-22 02:00:00,1025.2679,1005.28796
2019-08-22 03:00:00,1009.3946,985.8047
2019-08-22 04:00:00,999.6562,975.5014
2019-08-22 05:00:00,1035.9608,983.9509
2019-08-22 06:00:00,1054.7734,1006.4355
2019-08-22 07:00:00,1185.0451,1128.798
2019-08-22 08:00:00,1355.547,1302.6974
2019-08-22 09:00:00,1430.6215,1370.3959
2019-08-22 10:00:00,1502.156,1479.9332
2019-08-22 11:00:00,1540.6564,1528.6823
2019-08-22 12:00:00,1556.7856,1538.7109
2019-08-22 13:00:00,1583.6461,1600.1349
2019-08-22 14:00:00,1597.9379,1620.5215
2019-08-22 15:00:00,1536.1985,1545.3848
2019-08-22 16:00:00,1469.1662,1436.6497
2019-08-22 17:00:00,1371.9881,1325.7893
2019-08-22 18:00:00,1369.5991,1298.8862
2019-08-22 19:00:00,1425.6048,1335.1266
2019-08-22 20:00:00,1397.497,1297.2687
2019-08-22 21:00:00,1371.33,1317.1926
2019-08-22 22:00:00,1287.4443,1213.8904
2019-08-22 23:00:00,1226.9213,1184.6904
2019-08-23 00:00:00,1159.9709,1114.0797
2019-08-23 01:00:00,1122.2938,1076.2594
2019-08-23 02:00:00,1074.8576,1052.1318
2019-08-23 03:00:00,1037.289,1022.3949
2019-08-23 04:00:00,1040.6822,1029.0442
2019-08-23 05:00:00,1055.9823,1051.3899
2019-08-23 06:00:00,1072.1309,1050.2675
2019-08-23 07:00:00,1204.4878,1185.487
2019-08-23 08:00:00,1368.1173,1363.5671
2019-08-23 09:00:00,1467.1259,1416.6417
2019-08-23 10:00:00,1540.7073,1543.004
2019-08-23 11:00:00,1600.2845,1582.9805
2019-08-23 12:00:00,1583.1339,1578.1943
2019-08-23 13:00:00,1594.7299,1591.668
2019-08-23 14:00:00,1616.0452,1603.5912
2019-08-23 15:00:00,1571.9115,1533.4537
2019-08-23 16:00:00,1484.9019,1418.6726
2019-08-23 17:00:00,1380.2791,1327.5259
2019-08-23 18:00:00,1352.9258,1306.5299
2019-08-23 19:00:00,1411.899,1377.5436
2019-08-23 20:00:00,1372.6491,1326.7345
2019-08-23 21:00:00,1332.3022,1291.57
2019-08-23 22:00:00,1285.3039,1276.8345
2019-08-23 23:00:00,1201.4961,1179.3193
2019-08-24 00:00:00,1156.5826,1146.2024
2019-09-14 01:00:00,1058.2326,1066.5802
2019-09-14 02:00:00,1031.9643,1036.5741
2019-09-14 03:00:00,1013.043,1010.4638
2019-09-14 04:00:00,1006.6549,1003.00226
2019-09-14 05:00:00,1022.9904,1004.20874
2019-09-14 06:00:00,1016.0826,996.6182
2019-09-14 07:00:00,1088.2439,1070.1696
2019-09-14 08:00:00,1206.7723,1164.3987
2019-09-14 09:00:00,1303.5611,1260.803
2019-09-14 10:00:00,1372.997,1354.5797
2019-09-14 11:00:00,1396.8052,1351.0668
2019-09-14 12:00:00,1366.4544,1369.8285
2019-09-14 13:00:00,1368.4012,1329.9808
2019-09-14 14:00:00,1319.0939,1306.338
2019-09-14 15:00:00,1285.5935,1265.605
2019-09-14 16:00:00,1249.7374,1255.5898
2019-09-14 17:00:00,1226.8618,1212.0148
2019-09-14 18:00:00,1299.4635,1280.8597
2019-09-14 19:00:00,1304.7451,1298.6653
2019-09-14 20:00:00,1310.6894,1250.9567
2019-09-14 21:00:00,1217.6603,1208.4214
2019-09-14 22:00:00,1198.3669,1160.3718
2019-09-14 23:00:00,1144.1589,1116.5369
2019-09-15 00:00:00,1107.3058,1070.2722
2019-09-15 01:00:00,1082.0863,1034.7439
2019-09-15 02:00:00,1054.7644,1008.01196
2019-09-15 03:00:00,1024.6469,987.5422
2019-09-15 04:00:00,1003.1251,968.05475
2019-09-15 05:00:00,994.9133,950.9867
2019-09-15 06:00:00,964.1101,923.29346
2019-09-15 07:00:00,977.8968,944.5581
2019-09-15 08:00:00,1036.4745,1003.0495
2019-09-15 09:00:00,1081.1352,1042.9916
2019-09-15 10:00:00,1138.4011,1107.202
2019-09-15 11:00:00,1187.7548,1143.9635
2019-09-15 12:00:00,1185.6747,1157.83
2019-09-15 13:00:00,1101.6342,1178.5668
2019-09-15 14:00:00,1104.8107,1143.6891
2019-09-15 15:00:00,1075.1579,1115.1705
2019-09-15 16:00:00,1081.7367,1105.8163
2019-09-15 17:00:00,1062.873,1122.5011
2019-09-15 18:00:00,1119.8877,1165.4303
2019-09-15 19:00:00,1150.7131,1186.1954
2019-09-15 20:00:00,1152.3154,1185.2544
2019-09-15 21:00:00,1124.934,1177.3651
2019-09-15 22:00:00,1070.2325,1134.253
2019-09-15 23:00:00,1019.453,1084.4927
2019-09-16 00:00:00,973.454,1019.4638
2019-09-16 01:00:00,940.815,978.7696
2019-09-16 02:00:00,924.6678,969.4356
2019-09-16 03:00:00,905.752,949.8533
2019-09-16 04:00:00,916.5247,939.95844
2019-09-16 05:00:00,952.5139,980.9816
2019-09-16 06:00:00,964.5915,986.91266
2019-09-16 07:00:00,1082.6333,1111.6294
2019-09-16 08:00:00,1264.5978,1272.8445
2019-09-16 09:00:00,1371.3801,1365.4113
2019-09-16 10:00:00,1459.3509,1448.0674
2019-09-16 11:00:00,1505.2182,1488.6746
2019-09-16 12:00:00,1470.8041,1464.8258
2019-09-16 13:00:00,1488.9449,1483.2347
2019-09-16 14:00:00,1481.6722,1459.0126
2019-09-16 15:00:00,1431.7063,1449.0018
2019-09-16 16:00:00,1347.0166,1352.2106
2019-09-16 17:00:00,1245.7684,1268.2412
2019-09-16 18:00:00,1268.1107,1282.498
2019-09-16 19:00:00,1296.2731,1302.1304
2019-09-16 20:00:00,1282.842,1281.3638
2019-09-16 21:00:00,1267.9284,1278.137
2019-09-16 22:00:00,1217.0794,1199.0874
2019-09-16 23:00:00,1143.164,1159.4823
2019-09-17 00:00:00,1094.4905,1079.1753
2019-09-17 01:00:00,1052.8368,1049.6254
2019-09-17 02:00:00,1025.2898,1023.7406
2019-09-17 03:00:00,1001.8298,999.8009
2019-09-17 04:00:00,993.1421,993.75037
2019-09-17 05:00:00,1018.3499,1005.45416
2019-09-17 06:00:00,1026.6102,1019.12305
2019-09-17 07:00:00,1163.0694,1171.3619
2019-09-17 08:00:00,1331.3523,1333.3942
2019-09-17 09:00:00,1431.4492,1416.3207
2019-09-17 10:00:00,1515.6274,1506.5166
2019-09-17 11:00:00,1518.5969,1530.1537
2019-09-17 12:00:00,1533.5577,1548.197
2019-09-17 13:00:00,1561.5938,1561.0796
2019-09-17 14:00:00,1513.2719,1524.8192
2019-09-17 15:00:00,1457.1623,1459.0902
2019-09-17 16:00:00,1395.0842,1462.2069
2019-09-17 17:00:00,1309.2612,1349.1943
2019-09-17 18:00:00,1323.416,1358.9142
2019-09-17 19:00:00,1345.8001,1356.2155
2019-09-17 20:00:00,1300.1521,1325.7172
2019-09-17 21:00:00,1259.3125,1275.0952
2019-09-17 22:00:00,1205.3101,1200.1561
2019-09-17 23:00:00,1131.8201,1163.6648
2019-09-18 00:00:00,1075.7501,1060.7433
2019-09-18 01:00:00,1034.39,1033.8351
2019-09-18 02:00:00,1006.6465,1013.5384
2019-09-18 03:00:00,977.7374,987.26483
2019-09-18 04:00:00,974.5842,990.83514
2019-09-18 05:00:00,1020.7806,1007.53625
2019-09-18 06:00:00,1007.9371,1009.0102
2019-09-18 07:00:00,1125.6515,1152.6847
2019-09-18 08:00:00,1302.4304,1307.7876
2019-09-18 09:00:00,1404.6103,1437.0284
2019-09-18 10:00:00,1500.953,1500.5408
2019-09-18 11:00:00,1520.6883,1523.4866
2019-09-18 12:00:00,1462.9303,1474.8391
2019-09-18 13:00:00,1472.1515,1471.0558
2019-09-18 14:00:00,1491.1697,1487.4447
2019-09-18 15:00:00,1467.7239,1414.253
2019-09-18 16:00:00,1407.7909,1347.8014
2019-09-18 17:00:00,1298.8447,1267.2418
2019-09-18 18:00:00,1317.2478,1296.7388
2019-09-18 19:00:00,1346.7536,1313.2258
2019-09-18 20:00:00,1305.0971,1286.4481
2019-09-18 21:00:00,1267.6046,1224.938
2019-09-18 22:00:00,1200.77,1161.4727
2019-09-18 23:00:00,1132.6293,1113.9171
2019-09-19 00:00:00,1071.1334,1061.3713
2019-09-19 01:00:00,1047.6098,1009.2886
2019-09-19 02:00:00,1019.2969,971.00195
2019-09-19 03:00:00,997.2876,959.8248
2019-09-19 04:00:00,981.7587,960.5197
2019-09-19 05:00:00,1008.3844,986.4058
2019-09-19 06:00:00,1013.1289,986.7087
2019-09-19 07:00:00,1126.7655,1108.6451
2019-09-19 08:00:00,1268.514,1269.4464
2019-09-19 09:00:00,1333.551,1367.6426
2019-09-19 10:00:00,1384.7505,1427.0709
2019-09-19 11:00:00,1428.2046,1464.6516
2019-09-19 12:00:00,1367.3655,1453.6766
2019-09-19 13:00:00,1360.3377,1404.138
2019-09-19 14:00:00,1341.9838,1393.9839
2019-09-19 15:00:00,1336.3316,1378.4753
2019-09-19 16:00:00,1277.18,1338.5647
2019-09-19 17:00:00,1220.8446,1302.8057
2019-09-19 18:00:00,1258.5925,1302.6302
2019-09-19 19:00:00,1277.5444,1270.512
2019-09-19 20:00:00,1240.1843,1245.1779
2019-09-19 21:00:00,1201.7898,1197.6697
2019-09-19 22:00:00,1132.817,1139.5673
2019-09-19 23:00:00,1084.4325,1093.7261
2019-09-20 00:00:00,1046.2755,1047.196
2019-09-20 01:00:00,1023.2172,1005.93115
2019-09-20 02:00:00,986.6153,986.12616
2019-09-20 03:00:00,971.2785,955.40424
2019-09-20 04:00:00,967.2603,954.4771
2019-09-20 05:00:00,1002.5852,1000.8804
2019-09-20 06:00:00,1008.9395,996.8909
2019-09-20 07:00:00,1132.8118,1126.6454
2019-09-20 08:00:00,1277.7629,1285.6343
2019-09-20 09:00:00,1355.7815,1364.5345
2019-09-20 10:00:00,1430.7856,1443.0623
2019-09-20 11:00:00,1468.3504,1485.1234
2019-09-20 12:00:00,1467.765,1469.8282
2019-09-20 13:00:00,1489.0982,1500.6116
2019-09-20 14:00:00,1506.3918,1504.5132
2019-09-20 15:00:00,1461.0188,1468.6289
2019-09-20 16:00:00,1389.1763,1379.0038
2019-09-20 17:00:00,1284.0399,1286.9784
2019-09-20 18:00:00,1337.6871,1326.026
2019-09-20 19:00:00,1345.6816,1354.6272
2019-09-20 20:00:00,1294.7828,1316.9773
2019-09-20 21:00:00,1250.6536,1228.779
2019-09-20 22:00:00,1203.0181,1216.4105
2019-09-20 23:00:00,1152.2402,1141.2081
2019-09-21 00:00:00,1088.6803,1092.3158
2019-10-12 01:00:00,1058.4328,1043.074
2019-10-12 02:00:00,1034.1764,1024.9252
2019-10-12 03:00:00,1003.7705,991.2852
2019-10-12 04:00:00,1014.0597,989.4818
2019-10-12 05:00:00,1030.0559,992.68396
2019-10-12 06:00:00,995.0848,979.08
2019-10-12 07:00:00,1068.5069,1051.9463
2019-10-12 08:00:00,1170.8731,1176.5771
2019-10-12 09:00:00,1258.8508,1267.352
2019-10-12 10:00:00,1309.1608,1305.8379
2019-10-12 11:00:00,1317.2587,1328.1326
2019-10-12 12:00:00,1298.0071,1305.7185
2019-10-12 13:00:00,1267.4658,1298.3689
2019-10-12 14:00:00,1260.6697,1295.3785
2019-10-12 15:00:00,1227.7389,1241.5133
2019-10-12 16:00:00,1206.337,1230.4678
2019-10-12 17:00:00,1203.1592,1213.3619
2019-10-12 18:00:00,1287.9271,1285.686
2019-10-12 19:00:00,1262.9729,1286.506
2019-10-12 20:00:00,1246.8044,1241.4979
2019-10-12 21:00:00,1175.1269,1202.0186
2019-10-12 22:00:00,1148.6322,1165.3346
2019-10-12 23:00:00,1096.7723,1107.774
2019-10-13 00:00:00,1040.4238,1068.791
2019-10-13 01:00:00,1003.7862,1026.2343
2019-10-13 02:00:00,979.8408,1013.1898
2019-10-13 03:00:00,945.6265,995.22345
2019-10-13 04:00:00,944.3868,955.3293
2019-10-13 05:00:00,937.0921,972.45123
2019-10-13 06:00:00,878.6931000000002,923.27954
2019-10-13 07:00:00,919.281,956.2486
2019-10-13 08:00:00,972.4063,1008.5142
2019-10-13 09:00:00,1017.3442,1031.9652
2019-10-13 10:00:00,1051.2845,1094.0437
2019-10-13 11:00:00,1078.4184,1136.2124
2019-10-13 12:00:00,1077.1592,1110.6462
2019-10-13 13:00:00,1084.7862,1102.467
2019-10-13 14:00:00,1074.1006,1087.3779
2019-10-13 15:00:00,1077.5017,1091.7062
2019-10-13 16:00:00,1068.2504,1078.3838
2019-10-13 17:00:00,1080.7626,1062.6296
2019-10-13 18:00:00,1164.8463,1170.4086
2019-10-13 19:00:00,1176.8692,1192.5868
2019-10-13 20:00:00,1162.1827,1178.6318
2019-10-13 21:00:00,1140.7409,1120.1166
2019-10-13 22:00:00,1076.9804,1107.4526
2019-10-13 23:00:00,1018.5645,1059.2351
2019-10-14 00:00:00,970.0532,980.38055
2019-10-14 01:00:00,933.205,957.60443
2019-10-14 02:00:00,905.4101,925.55237
2019-10-14 03:00:00,903.4624,925.648
2019-10-14 04:00:00,904.2258,912.6147
2019-10-14 05:00:00,999.0839,974.15814
2019-10-14 06:00:00,1035.831,970.5648
2019-10-14 07:00:00,1123.8572,1098.3398
2019-10-14 08:00:00,1280.231,1298.5963
2019-10-14 09:00:00,1368.3423,1356.9575
2019-10-14 10:00:00,1411.422,1404.4446
2019-10-14 11:00:00,1407.1619,1422.0077
2019-10-14 12:00:00,1388.8588,1419.809
2019-10-14 13:00:00,1413.4381,1411.6552
2019-10-14 14:00:00,1410.3765,1440.0186
2019-10-14 15:00:00,1382.3849,1399.2007
2019-10-14 16:00:00,1317.4188,1327.7758
2019-10-14 17:00:00,1227.3012,1262.6013
2019-10-14 18:00:00,1284.614,1283.613
2019-10-14 19:00:00,1273.6829,1288.3885
2019-10-14 20:00:00,1230.0123,1264.4883
2019-10-14 21:00:00,1183.3677,1201.951
2019-10-14 22:00:00,1114.5856,1150.0298
2019-10-14 23:00:00,1044.1419,1092.7511
2019-10-15 00:00:00,987.5805,1007.9511
2019-10-15 01:00:00,947.5082,970.0269
2019-10-15 02:00:00,920.2157,945.5391
2019-10-15 03:00:00,917.3377,941.5583
2019-10-15 04:00:00,911.4018,941.2924
2019-10-15 05:00:00,955.0896,972.68243
2019-10-15 06:00:00,957.6284,984.54297
2019-10-15 07:00:00,1121.2115,1103.0269
2019-10-15 08:00:00,1306.7278,1269.6003
2019-10-15 09:00:00,1393.6022,1366.237
2019-10-15 10:00:00,1465.2123,1457.4249
2019-10-15 11:00:00,1491.8354,1487.6128
2019-10-15 12:00:00,1500.4908,1507.7224
2019-10-15 13:00:00,1479.6145,1469.6902
2019-10-15 14:00:00,1477.2762,1466.4844
2019-10-15 15:00:00,1454.2092,1456.2188
2019-10-15 16:00:00,1400.0558,1388.4269
2019-10-15 17:00:00,1313.314,1303.1163
2019-10-15 18:00:00,1363.9979,1323.3282
2019-10-15 19:00:00,1364.7939,1337.4327
2019-10-15 20:00:00,1323.8323,1317.2136
2019-10-15 21:00:00,1289.0747,1291.2085
2019-10-15 22:00:00,1228.5845,1184.5596
2019-10-15 23:00:00,1160.2187,1142.2345
2019-10-16 00:00:00,1089.1224,1068.2394
2019-10-16 01:00:00,1042.3586,1028.2958
2019-10-16 02:00:00,1015.935,993.2923
2019-10-16 03:00:00,980.2556,980.5175
2019-10-16 04:00:00,989.8054,975.37994
2019-10-16 05:00:00,1011.5166,1013.4449
2019-10-16 06:00:00,1020.9274,1010.18317
2019-10-16 07:00:00,1142.7788,1144.8226
2019-10-16 08:00:00,1311.0641,1310.5225
2019-10-16 09:00:00,1366.0778,1387.6637
2019-10-16 10:00:00,1407.4076,1456.4401
2019-10-16 11:00:00,1417.1761,1495.1554
2019-10-16 12:00:00,1435.9259,1459.0752
2019-10-16 13:00:00,1475.1643,1469.4047
2019-10-16 14:00:00,1461.4904,1457.0144
2019-10-16 15:00:00,1432.6086,1457.8151
2019-10-16 16:00:00,1372.1593,1390.6022
2019-10-16 17:00:00,1302.2128,1315.2819
2019-10-16 18:00:00,1348.2684,1338.6567
2019-10-16 19:00:00,1336.6839,1340.393
2019-10-16 20:00:00,1307.692,1296.227
2019-10-16 21:00:00,1241.0799,1265.0845
2019-10-16 22:00:00,1177.3484,1167.5297
2019-10-16 23:00:00,1112.3122,1103.7054
2019-10-17 00:00:00,1052.3977,1040.888
2019-10-17 01:00:00,1016.1176,1025.8993
2019-10-17 02:00:00,980.6476,1015.0622
2019-10-17 03:00:00,957.923,982.23865
2019-10-17 04:00:00,952.8778,964.7937
2019-10-17 05:00:00,987.209,1000.1297
2019-10-17 06:00:00,996.5912,1008.43225
2019-10-17 07:00:00,1126.9144,1112.5829
2019-10-17 08:00:00,1267.7338,1289.6034
2019-10-17 09:00:00,1312.3175,1352.8817
2019-10-17 10:00:00,1370.0817,1405.595
2019-10-17 11:00:00,1394.3244,1402.8063
2019-10-17 12:00:00,1402.2012,1419.6447
2019-10-17 13:00:00,1432.4913,1432.7847
2019-10-17 14:00:00,1422.7103,1441.9368
2019-10-17 15:00:00,1411.3939,1411.9108
2019-10-17 16:00:00,1357.9296,1362.6713
2019-10-17 17:00:00,1258.9879,1292.0076
2019-10-17 18:00:00,1313.7562,1339.1979
2019-10-17 19:00:00,1295.1565,1311.6215
2019-10-17 20:00:00,1252.8304,1268.1337
2019-10-17 21:00:00,1213.9825,1220.5609
2019-10-17 22:00:00,1145.3477,1181.3262
2019-10-17 23:00:00,1080.6837,1118.3667
2019-10-18 00:00:00,1003.807,1046.8627
2019-10-18 01:00:00,972.8149,1005.4189
2019-10-18 02:00:00,944.6375,990.39154
2019-10-18 03:00:00,917.5632,978.45123
2019-10-18 04:00:00,922.5193,963.9021
2019-10-18 05:00:00,958.1047,993.11804
2019-10-18 06:00:00,959.079,1011.3861
2019-10-18 07:00:00,1095.7639,1126.7035
2019-10-18 08:00:00,1246.1388,1265.82
2019-10-18 09:00:00,1335.0619,1358.2631
2019-10-18 10:00:00,1403.4082,1436.7736
2019-10-18 11:00:00,1454.8996,1467.1835
2019-10-18 12:00:00,1449.3968,1453.3036
2019-10-18 13:00:00,1453.8894,1442.8499
2019-10-18 14:00:00,1447.9865,1447.8508
2019-10-18 15:00:00,1388.5525,1431.9948
2019-10-18 16:00:00,1304.3539,1370.2357
2019-10-18 17:00:00,1190.7038,1284.298
2019-10-18 18:00:00,1283.6971,1340.7219
2019-10-18 19:00:00,1249.7001,1344.3752
2019-10-18 20:00:00,1226.3576,1288.4904
2019-10-18 21:00:00,1186.2291,1239.1161
2019-10-18 22:00:00,1121.2032,1195.8853
2019-10-18 23:00:00,1051.8311,1135.0873
2019-10-19 00:00:00,1016.4459,1084.8533
2019-11-02 01:00:00,1007.7315,1058.8461
2019-11-02 02:00:00,979.7187,1021.1194
2019-11-02 03:00:00,955.3864,992.8832
2019-11-02 04:00:00,933.6938,953.7238
2019-11-02 05:00:00,946.1293,984.43713
2019-11-02 06:00:00,925.6589,947.08545
2019-11-02 07:00:00,1002.4513,1034.7017
2019-11-02 08:00:00,1086.6082,1162.8737
2019-11-02 09:00:00,1169.8238,1218.289
2019-11-02 10:00:00,1223.2289,1290.4377
2019-11-02 11:00:00,1254.832,1290.9554
2019-11-02 12:00:00,1236.4859,1290.7043
2019-11-02 13:00:00,1233.764,1256.744
2019-11-02 14:00:00,1216.7288,1222.46
2019-11-02 15:00:00,1186.0605,1222.1581
2019-11-02 16:00:00,1160.3737,1212.8268
2019-11-02 17:00:00,1158.8948,1184.4719
2019-11-02 18:00:00,1253.1188,1265.0829
2019-11-02 19:00:00,1242.9365,1271.4587
2019-11-02 20:00:00,1196.8114,1239.6876
2019-11-02 21:00:00,1141.5635,1180.4639
2019-11-02 22:00:00,1091.6594,1143.8407
2019-11-02 23:00:00,1035.9137,1100.94
2019-11-03 00:00:00,996.7778,1002.68555
2019-11-03 01:00:00,964.5642,981.66223
2019-11-03 02:00:00,927.7695,969.6187
2019-11-03 03:00:00,929.5741,936.76324
2019-11-03 04:00:00,916.2471,925.1815
2019-11-03 05:00:00,923.8962,910.83325
2019-11-03 06:00:00,895.7950999999998,874.1936
2019-11-03 07:00:00,912.4777,905.9961
2019-11-03 08:00:00,957.8552,954.00256
2019-11-03 09:00:00,1011.4,1005.4983
2019-11-03 10:00:00,1050.131,1061.0273
2019-11-03 11:00:00,1093.6038,1104.5741
2019-11-03 12:00:00,1091.6192,1111.251
2019-11-03 13:00:00,1098.725,1098.6547
2019-11-03 14:00:00,1122.204,1126.8698
2019-11-03 15:00:00,1142.7929,1131.272
2019-11-03 16:00:00,1121.2563,1083.1343
2019-11-03 17:00:00,1114.408,1093.2484
2019-11-03 18:00:00,1187.3408,1157.737
2019-11-03 19:00:00,1195.59,1172.5535
2019-11-03 20:00:00,1167.6322,1144.2705
2019-11-03 21:00:00,1163.697,1135.6326
2019-11-03 22:00:00,1105.0462,1092.5499
2019-11-03 23:00:00,1055.7003,1032.3184
2019-11-04 00:00:00,1003.9278,969.17346
2019-11-04 01:00:00,971.5598,929.40924
2019-11-04 02:00:00,937.5895,920.64655
2019-11-04 03:00:00,921.7299,912.3549
2019-11-04 04:00:00,906.9205,880.192
2019-11-04 05:00:00,918.585,911.59625
2019-11-04 06:00:00,883.4307,877.99634
2019-11-04 07:00:00,929.4506,956.57715
2019-11-04 08:00:00,986.0123,983.4436
2019-11-04 09:00:00,1054.282,1051.721
2019-11-04 10:00:00,1102.9393,1114.5796
2019-11-04 11:00:00,1160.4666,1160.8741
2019-11-04 12:00:00,1182.4394,1186.3575
2019-11-04 13:00:00,1164.5063,1164.6714
2019-11-04 14:00:00,1163.9712,1142.398
2019-11-04 15:00:00,1140.7503,1136.8044
2019-11-04 16:00:00,1122.4006,1096.6736
2019-11-04 17:00:00,1102.395,1095.3516
2019-11-04 18:00:00,1194.1131,1172.0166
2019-11-04 19:00:00,1191.4358,1184.0575
2019-11-04 20:00:00,1212.247,1176.9197
2019-11-04 21:00:00,1170.5004,1155.7678
2019-11-04 22:00:00,1118.888,1094.5613
2019-11-04 23:00:00,1082.0883,1066.4594
2019-11-05 00:00:00,1021.1458,1002.8751
2019-11-05 01:00:00,970.6949,951.6492
2019-11-05 02:00:00,941.8622,932.5394
2019-11-05 03:00:00,918.0913,914.2462
2019-11-05 04:00:00,897.7448,897.11066
2019-11-05 05:00:00,901.6964,898.6706
2019-11-05 06:00:00,872.3814,902.4773
2019-11-05 07:00:00,918.1307,947.4319
2019-11-05 08:00:00,979.6782,999.3576
2019-11-05 09:00:00,1045.0492,1069.6799
2019-11-05 10:00:00,1085.2369,1097.3809
2019-11-05 11:00:00,1108.0612,1138.7859
2019-11-05 12:00:00,1135.7784,1132.9573
2019-11-05 13:00:00,1166.3786,1154.8135
2019-11-05 14:00:00,1151.2733,1136.4186
2019-11-05 15:00:00,1145.0576,1125.6864
2019-11-05 16:00:00,1117.0155,1102.6101
2019-11-05 17:00:00,1109.6739,1104.1521
2019-11-05 18:00:00,1210.6424,1200.1562
2019-11-05 19:00:00,1209.4245,1193.0743
2019-11-05 20:00:00,1189.3866,1178.5414
2019-11-05 21:00:00,1171.4499,1150.2854
2019-11-05 22:00:00,1111.3061,1066.7477
2019-11-05 23:00:00,1045.8553,1042.6127
2019-11-06 00:00:00,1006.362,1035.0625
2019-11-06 01:00:00,975.9085,1010.65704
2019-11-06 02:00:00,963.5467,974.56793
2019-11-06 03:00:00,941.8801,964.6122
2019-11-06 04:00:00,946.3407,960.94885
2019-11-06 05:00:00,963.6438,980.42126
2019-11-06 06:00:00,986.4275,1022.26996
2019-11-06 07:00:00,1140.7827,1122.7139
2019-11-06 08:00:00,1331.5914,1310.9187
2019-11-06 09:00:00,1403.1421,1374.6726
2019-11-06 10:00:00,1495.2471,1439.5115
2019-11-06 11:00:00,1524.778,1452.9587
2019-11-06 12:00:00,1527.4423,1456.4171
2019-11-06 13:00:00,1569.508,1492.9095
2019-11-06 14:00:00,1554.1046,1466.3682
2019-11-06 15:00:00,1505.8165,1426.7296
2019-11-06 16:00:00,1424.7294,1359.6793
2019-11-06 17:00:00,1310.7809,1251.6924
2019-11-06 18:00:00,1384.5226,1325.4735
2019-11-06 19:00:00,1356.0939,1315.7067
2019-11-06 20:00:00,1311.95,1271.8613
2019-11-06 21:00:00,1249.0633,1230.636
2019-11-06 22:00:00,1193.1142,1156.2186
2019-11-06 23:00:00,1109.7671,1107.1912
2019-11-07 00:00:00,1056.0075,1050.6084
2019-11-07 01:00:00,1019.4132,1013.9262
2019-11-07 02:00:00,1000.2145,998.4786
2019-11-07 03:00:00,973.3019,975.1817
2019-11-07 04:00:00,959.2883,956.7972
2019-11-07 05:00:00,991.5738,1006.31396
2019-11-07 06:00:00,987.8317,1000.1042
2019-11-07 07:00:00,1133.1278,1128.9332
2019-11-07 08:00:00,1329.1497,1288.066
2019-11-07 09:00:00,1437.8882,1387.887
2019-11-07 10:00:00,1523.5821,1448.5455
2019-11-07 11:00:00,1571.6096,1507.6692
2019-11-07 12:00:00,1571.6957,1521.5808
2019-11-07 13:00:00,1610.5938,1544.4691
2019-11-07 14:00:00,1596.9348,1493.8176
2019-11-07 15:00:00,1557.603,1469.8103
2019-11-07 16:00:00,1473.295,1391.5264
2019-11-07 17:00:00,1378.8007,1314.7751
2019-11-07 18:00:00,1403.6124,1354.0774
2019-11-07 19:00:00,1412.1487,1350.2687
2019-11-07 20:00:00,1358.5522,1306.4265
2019-11-07 21:00:00,1317.7194,1258.8774
2019-11-07 22:00:00,1256.4008,1205.2339
2019-11-07 23:00:00,1196.3381,1147.0814
2019-11-08 00:00:00,1108.86,1083.5007
2019-11-08 01:00:00,1070.1643,1020.34656
2019-11-08 02:00:00,1030.6391,1011.64294
2019-11-08 03:00:00,1003.8154,971.1487
2019-11-08 04:00:00,998.6461,993.20984
2019-11-08 05:00:00,1023.2539,1029.4067
2019-11-08 06:00:00,1021.9927,1036.5144
2019-11-08 07:00:00,1188.6283,1145.5884
2019-11-08 08:00:00,1387.5504,1340.9662
2019-11-08 09:00:00,1476.892,1403.1748
2019-11-08 10:00:00,1552.5819,1517.6211
2019-11-08 11:00:00,1583.9725,1552.7471
2019-11-08 12:00:00,1582.0959,1522.1859
2019-11-08 13:00:00,1557.035,1517.8027
2019-11-08 14:00:00,1535.6686,1523.3047
2019-11-08 15:00:00,1557.7649,1512.1448
2019-11-08 16:00:00,1465.2181,1419.6556
2019-11-08 17:00:00,1379.7808,1346.3627
2019-11-08 18:00:00,1427.2925,1371.3177
2019-11-08 19:00:00,1401.2421,1393.8851
2019-11-08 20:00:00,1376.2099,1329.0785
2019-11-08 21:00:00,1340.6327,1293.2584
2019-11-08 22:00:00,1286.2503,1222.559
2019-11-08 23:00:00,1233.6124,1190.5432
2019-11-09 00:00:00,1176.1789,1136.6364
2019-12-21 01:00:00,1178.3354,1151.2183
2019-12-21 02:00:00,1140.479,1097.3434
2019-12-21 03:00:00,1131.788,1079.0308
2019-12-21 04:00:00,1158.9518,1082.3446
2019-12-21 05:00:00,1159.8323,1086.4552
2019-12-21 06:00:00,1142.6478,1098.0402
2019-12-21 07:00:00,1186.4207,1125.0199
2019-12-21 08:00:00,1334.8711,1268.1622
2019-12-21 09:00:00,1431.9792,1390.2832
2019-12-21 10:00:00,1531.9572,1464.0193
2019-12-21 11:00:00,1509.8502,1486.7518
2019-12-21 12:00:00,1489.6927,1460.5405
2019-12-21 13:00:00,1452.1489,1452.2357
2019-12-21 14:00:00,1415.1937,1420.1143
2019-12-21 15:00:00,1420.2002,1388.9056
2019-12-21 16:00:00,1359.3821,1340.0732
2019-12-21 17:00:00,1297.2116,1290.9878
2019-12-21 18:00:00,1407.2257,1396.8467
2019-12-21 19:00:00,1407.4573,1402.4537
2019-12-21 20:00:00,1366.334,1375.1882
2019-12-21 21:00:00,1298.6399,1310.3615
2019-12-21 22:00:00,1251.1237,1263.5544
2019-12-21 23:00:00,1194.9792,1196.5146
2019-12-22 00:00:00,1138.7216,1139.5695
2019-12-22 01:00:00,1105.5255,1121.345
2019-12-22 02:00:00,1069.9702,1104.3615
2019-12-22 03:00:00,1039.5141,1079.6162
2019-12-22 04:00:00,1022.2492,1073.2152
2019-12-22 05:00:00,1012.4287,1057.2759
2019-12-22 06:00:00,987.3988,1011.108
2019-12-22 07:00:00,974.066,1027.14
2019-12-22 08:00:00,1032.7715,1075.2959
2019-12-22 09:00:00,1085.2236,1098.3804
2019-12-22 10:00:00,1144.8763,1145.7798
2019-12-22 11:00:00,1159.9891,1198.2183
2019-12-22 12:00:00,1144.6213,1202.1235
2019-12-22 13:00:00,1157.4298,1207.4227
2019-12-22 14:00:00,1149.1583,1197.0717
2019-12-22 15:00:00,1150.7879,1160.1882
2019-12-22 16:00:00,1137.4265,1158.3693
2019-12-22 17:00:00,1139.5029,1172.6147
2019-12-22 18:00:00,1237.0618,1241.8911
2019-12-22 19:00:00,1256.6363,1299.5837
2019-12-22 20:00:00,1245.3301,1286.7737
2019-12-22 21:00:00,1216.5976,1231.8099
2019-12-22 22:00:00,1169.013,1204.1847
2019-12-22 23:00:00,1119.17,1122.1044
2019-12-23 00:00:00,1061.1106,1128.4279
2019-12-23 01:00:00,1023.3324,1105.3276
2019-12-23 02:00:00,1007.9219,1080.4167
2019-12-23 03:00:00,979.7978,1064.0137
2019-12-23 04:00:00,971.3062,1030.6562
2019-12-23 05:00:00,999.9007,1055.5139
2019-12-23 06:00:00,1045.157,1076.9524
2019-12-23 07:00:00,1145.1721,1215.9026
2019-12-23 08:00:00,1299.2825,1335.3583
2019-12-23 09:00:00,1383.5121,1410.2772
2019-12-23 10:00:00,1452.4193,1488.5801
2019-12-23 11:00:00,1458.8543,1456.7213
2019-12-23 12:00:00,1457.1989,1470.6007
2019-12-23 13:00:00,1471.7236,1521.4454
2019-12-23 14:00:00,1504.6163,1488.277
2019-12-23 15:00:00,1510.498,1512.3677
2019-12-23 16:00:00,1425.9607,1410.7345
2019-12-23 17:00:00,1305.9452,1366.6357
2019-12-23 18:00:00,1332.8773,1390.4082
2019-12-23 19:00:00,1376.8281,1417.9648
2019-12-23 20:00:00,1372.3076,1399.4432
2019-12-23 21:00:00,1334.2093,1327.4407
2019-12-23 22:00:00,1283.0349,1306.9469
2019-12-23 23:00:00,1197.2044,1227.3297
2019-12-24 00:00:00,1137.2976,1138.2415
2019-12-24 01:00:00,1108.0502,1106.1661
2019-12-24 02:00:00,1071.7714,1068.5479
2019-12-24 03:00:00,1048.3477,1054.4094
2019-12-24 04:00:00,1027.4336,1052.3439
2019-12-24 05:00:00,1050.4297,1021.20905
2019-12-24 06:00:00,1044.8003,1025.3617
2019-12-24 07:00:00,1155.5001,1146.499
2019-12-24 08:00:00,1265.9806,1252.1962
2019-12-24 09:00:00,1336.1048,1313.7682
2019-12-24 10:00:00,1388.8116,1388.0098
2019-12-24 11:00:00,1412.6186,1406.9426
2019-12-24 12:00:00,1344.9084,1336.9341
2019-12-24 13:00:00,1336.5515,1325.7986
2019-12-24 14:00:00,1315.4919,1332.151
2019-12-24 15:00:00,1301.0263,1300.698
2019-12-24 16:00:00,1281.5901,1277.6377
2019-12-24 17:00:00,1250.833,1268.7944
2019-12-24 18:00:00,1343.2364,1341.2653
2019-12-24 19:00:00,1369.7489,1373.2675
2019-12-24 20:00:00,1320.4199,1318.9102
2019-12-24 21:00:00,1249.634,1258.9663
2019-12-24 22:00:00,1175.2475,1195.3612
2019-12-24 23:00:00,1130.7852,1154.3096
2019-12-25 00:00:00,1077.9015,1073.1514
2019-12-25 01:00:00,1072.603,1070.2179
2019-12-25 02:00:00,1051.5814,1052.1705
2019-12-25 03:00:00,1046.2968,1023.28766
2019-12-25 04:00:00,1005.2995,983.2476
2019-12-25 05:00:00,997.8108,995.1561
2019-12-25 06:00:00,973.8024,980.30237
2019-12-25 07:00:00,972.9331,978.39825
2019-12-25 08:00:00,1018.3969,1044.4912
2019-12-25 09:00:00,1068.3672,1050.1465
2019-12-25 10:00:00,1077.7645,1103.3024
2019-12-25 11:00:00,1115.4241,1127.2611
2019-12-25 12:00:00,1114.0863,1111.4537
2019-12-25 13:00:00,1109.9909,1098.1685
2019-12-25 14:00:00,1127.5896,1117.2505
2019-12-25 15:00:00,1122.7359,1119.3971
2019-12-25 16:00:00,1084.0974,1092.9377
2019-12-25 17:00:00,1078.6033,1077.0188
2019-12-25 18:00:00,1161.1531,1154.4647
2019-12-25 19:00:00,1200.3919,1190.3096
2019-12-25 20:00:00,1214.8642,1198.9629
2019-12-25 21:00:00,1211.3916,1204.6775
2019-12-25 22:00:00,1162.7669,1179.8866
2019-12-25 23:00:00,1135.7564,1125.1337
2019-12-26 00:00:00,1089.9678,1126.1025
2019-12-26 01:00:00,1045.2765,1120.6204
2019-12-26 02:00:00,1010.4834,1096.5498
2019-12-26 03:00:00,983.9312,1035.5763
2019-12-26 04:00:00,981.8862,1035.3331
2019-12-26 05:00:00,979.8532,1054.3982
2019-12-26 06:00:00,1015.004,1062.5029
2019-12-26 07:00:00,1103.3949,1151.1094
2019-12-26 08:00:00,1311.4952,1319.7224
2019-12-26 09:00:00,1418.7233,1431.3213
2019-12-26 10:00:00,1487.9653,1489.2983
2019-12-26 11:00:00,1550.4358,1554.8124
2019-12-26 12:00:00,1547.7751,1556.7402
2019-12-26 13:00:00,1581.5954,1577.7957
2019-12-26 14:00:00,1581.0629,1606.7223
2019-12-26 15:00:00,1557.9504,1561.8528
2019-12-26 16:00:00,1465.9784,1476.9102
2019-12-26 17:00:00,1355.4471,1369.2969
2019-12-26 18:00:00,1416.268,1432.8599
2019-12-26 19:00:00,1443.6095,1459.5623
2019-12-26 20:00:00,1404.8822,1423.5386
2019-12-26 21:00:00,1352.777,1367.4143
2019-12-26 22:00:00,1283.3522,1305.9366
2019-12-26 23:00:00,1199.5308,1212.6813
2019-12-27 00:00:00,1146.2917,1141.9075
2019-12-27 01:00:00,1111.7256,1121.5814
2019-12-27 02:00:00,1080.4769,1088.357
2019-12-27 03:00:00,1060.2609,1075.0721
2019-12-27 04:00:00,1049.4054,1066.6951
2019-12-27 05:00:00,1052.3103,1072.6996
2019-12-27 06:00:00,1055.9824,1096.7567
2019-12-27 07:00:00,1173.8878,1177.9666
2019-12-27 08:00:00,1332.5572,1355.8722
2019-12-27 09:00:00,1405.1226,1421.5537
2019-12-27 10:00:00,1495.6305,1517.3048
2019-12-27 11:00:00,1525.1609,1553.3363
2019-12-27 12:00:00,1517.0095,1523.9465
2019-12-27 13:00:00,1551.5541,1561.6407
2019-12-27 14:00:00,1539.0074,1587.6365
2019-12-27 15:00:00,1519.5086,1529.8475
2019-12-27 16:00:00,1456.3053,1439.2372
2019-12-27 17:00:00,1351.5685,1379.3821
2019-12-27 18:00:00,1417.0461,1431.4183
2019-12-27 19:00:00,1422.7082,1455.7916
2019-12-27 20:00:00,1390.7534,1432.956
2019-12-27 21:00:00,1332.2788,1347.0106
2019-12-27 22:00:00,1276.8888,1300.4907
2019-12-27 23:00:00,1217.001,1224.6309
2019-12-28 00:00:00,1142.3506,1168.7188
2020-01-04 01:00:00,1031.5166,1084.0754
2020-01-04 02:00:00,1006.8219,1059.8298
2020-01-04 03:00:00,974.5017,1033.0035
2020-01-04 04:00:00,967.0756,1000.36536
2020-01-04 05:00:00,961.8724,1006.8377
2020-01-04 06:00:00,945.7888,1006.9628
2020-01-04 07:00:00,980.8308,1127.1224
2020-01-04 08:00:00,1122.398,1210.5201
2020-01-04 09:00:00,1224.3461,1305.9592
2020-01-04 10:00:00,1311.5866,1340.6039
2020-01-04 11:00:00,1348.0186,1350.8754
2020-01-04 12:00:00,1339.378,1371.0967
2020-01-04 13:00:00,1330.5575,1371.744
2020-01-04 14:00:00,1336.84,1353.9171
2020-01-04 15:00:00,1310.6185,1349.8977
2020-01-04 16:00:00,1281.2916,1314.999
2020-01-04 17:00:00,1237.2551,1268.7244
2020-01-04 18:00:00,1280.6014,1334.0338
2020-01-04 19:00:00,1326.9846,1354.8262
2020-01-04 20:00:00,1286.0857,1302.039
2020-01-04 21:00:00,1225.848,1273.956
2020-01-04 22:00:00,1178.2984,1277.227
2020-01-04 23:00:00,1133.0124,1174.6755
2020-01-05 00:00:00,1085.9276,1126.5608
2020-01-05 01:00:00,1038.4671,1107.8323
2020-01-05 02:00:00,1013.5455,1088.4971
2020-01-05 03:00:00,991.6183,1052.7017
2020-01-05 04:00:00,966.1103,1010.16486
2020-01-05 05:00:00,966.7874,1010.9735
2020-01-05 06:00:00,923.2408,976.54584
2020-01-05 07:00:00,936.837,1007.01447
2020-01-05 08:00:00,983.6561,1052.5122
2020-01-05 09:00:00,1035.262,1106.7034
2020-01-05 10:00:00,1085.5312,1073.5824
2020-01-05 11:00:00,1116.7028,1125.732
2020-01-05 12:00:00,1135.8987,1179.289
2020-01-05 13:00:00,1129.6253,1165.1042
2020-01-05 14:00:00,1134.4477,1177.5449
2020-01-05 15:00:00,1149.1425,1172.2288
2020-01-05 16:00:00,1120.6145,1126.8479
2020-01-05 17:00:00,1136.3425,1061.4569
2020-01-05 18:00:00,1217.6226,1229.1201
2020-01-05 19:00:00,1254.1394,1280.087
2020-01-05 20:00:00,1260.7762,1252.3357
2020-01-05 21:00:00,1228.5935,1215.4645
2020-01-05 22:00:00,1188.8061,1199.8721
2020-01-05 23:00:00,1110.8038,1163.2047
2020-01-06 00:00:00,1083.9995,1119.0237
2020-01-06 01:00:00,1040.1826,1074.7213
2020-01-06 02:00:00,1019.1363,1044.2552
2020-01-06 03:00:00,1000.4205,1020.07996
2020-01-06 04:00:00,975.8471,1025.5157
2020-01-06 05:00:00,1004.3309,1017.4692
2020-01-06 06:00:00,1030.8288,1034.5107
2020-01-06 07:00:00,1140.3482,1159.1588
2020-01-06 08:00:00,1309.5514,1343.8977
2020-01-06 09:00:00,1400.7622,1424.3151
2020-01-06 10:00:00,1481.8001,1488.5839
2020-01-06 11:00:00,1510.4303,1503.5869
2020-01-06 12:00:00,1532.3679,1535.5164
2020-01-06 13:00:00,1575.1152,1575.0696
2020-01-06 14:00:00,1565.9265,1566.0745
2020-01-06 15:00:00,1536.6601,1531.3431
2020-01-06 16:00:00,1452.7249,1433.8953
2020-01-06 17:00:00,1326.1734,1316.9977
2020-01-06 18:00:00,1344.8182,1372.4799
2020-01-06 19:00:00,1363.7518,1361.0763
2020-01-06 20:00:00,1311.887,1323.0729
2020-01-06 21:00:00,1266.2945,1268.01
2020-01-06 22:00:00,1300.0011,1253.7495
2020-01-06 23:00:00,1239.2769,1208.9161
2020-01-07 00:00:00,1185.2767,1144.3685
2020-01-07 01:00:00,1138.8251,1095.3151
2020-01-07 02:00:00,1099.0663,1059.5851
2020-01-07 03:00:00,1083.4085,1053.275
2020-01-07 04:00:00,1041.0795,1034.8573
2020-01-07 05:00:00,1054.0482,1063.2422
2020-01-07 06:00:00,1075.8888,1059.6826
2020-01-07 07:00:00,1140.4639,1157.9271
2020-01-07 08:00:00,1305.2228,1344.2434
2020-01-07 09:00:00,1363.6599,1357.2673
2020-01-07 10:00:00,1416.3681,1417.4489
2020-01-07 11:00:00,1444.7368,1474.9366
2020-01-07 12:00:00,1454.4696,1449.8658
2020-01-07 13:00:00,1477.4163,1462.2863
2020-01-07 14:00:00,1505.8477,1488.415
2020-01-07 15:00:00,1503.9966,1483.5396
2020-01-07 16:00:00,1397.0061,1414.5068
2020-01-07 17:00:00,1289.2237,1356.2491
2020-01-07 18:00:00,1301.0697,1294.5374
2020-01-07 19:00:00,1337.5988,1314.8153
2020-01-07 20:00:00,1293.2193,1294.0223
2020-01-07 21:00:00,1248.0429,1272.963
2020-01-07 22:00:00,1215.7252,1226.6975
2020-01-07 23:00:00,1140.8741,1176.6201
2020-01-08 00:00:00,1071.6841,1081.2677
2020-01-08 01:00:00,1032.7158,1111.7164
2020-01-08 02:00:00,998.7882,1073.9585
2020-01-08 03:00:00,968.9272,1035.0353
2020-01-08 04:00:00,974.2453,1009.91693
2020-01-08 05:00:00,990.1819,1037.2937
2020-01-08 06:00:00,999.3375,1019.6949
2020-01-08 07:00:00,1130.7588,1151.29
2020-01-08 08:00:00,1288.6721,1325.7839
2020-01-08 09:00:00,1363.1098,1378.6372
2020-01-08 10:00:00,1431.4231,1442.6735
2020-01-08 11:00:00,1518.6777,1517.9653
2020-01-08 12:00:00,1492.6365,1500.4293
2020-01-08 13:00:00,1541.9485,1546.8053
2020-01-08 14:00:00,1566.5264,1537.7883
2020-01-08 15:00:00,1553.9315,1501.8231
2020-01-08 16:00:00,1489.1382,1401.5187
2020-01-08 17:00:00,1352.6304,1331.786
2020-01-08 18:00:00,1345.949,1328.6171
2020-01-08 19:00:00,1397.6579,1402.114
2020-01-08 20:00:00,1343.4902,1362.2225
2020-01-08 21:00:00,1296.5609,1310.6278
2020-01-08 22:00:00,1252.0658,1247.6398
2020-01-08 23:00:00,1180.8597,1210.2299
2020-01-09 00:00:00,1138.2116,1135.7064
2020-01-09 01:00:00,1100.3444,1073.1046
2020-01-09 02:00:00,1081.356,1057.9746
2020-01-09 03:00:00,1059.5425,1036.0775
2020-01-09 04:00:00,1039.7556,1042.6024
2020-01-09 05:00:00,1031.6658,1010.00104
2020-01-09 06:00:00,999.8348,986.4447
2020-01-09 07:00:00,1020.4181,1024.3029
2020-01-09 08:00:00,1098.111,1088.1763
2020-01-09 09:00:00,1144.0942,1132.1588
2020-01-09 10:00:00,1193.7227,1175.8989
2020-01-09 11:00:00,1242.0241,1238.0055
2020-01-09 12:00:00,1266.1273,1256.368
2020-01-09 13:00:00,1269.7116,1262.6685
2020-01-09 14:00:00,1274.7444,1271.6909
2020-01-09 15:00:00,1262.0978,1251.4825
2020-01-09 16:00:00,1222.3197,1187.7233
2020-01-09 17:00:00,1188.0593,1135.5458
2020-01-09 18:00:00,1218.8633,1213.8689
2020-01-09 19:00:00,1269.9603,1258.5474
2020-01-09 20:00:00,1279.8903,1277.0026
2020-01-09 21:00:00,1274.6982,1244.2966
2020-01-09 22:00:00,1225.8052,1210.6547
2020-01-09 23:00:00,1210.0695,1188.1268
2020-01-10 00:00:00,1131.5281,1123.0223
2020-01-10 01:00:00,1093.7796,1097.6421
2020-01-10 02:00:00,1061.8127,1046.9607
2020-01-10 03:00:00,1037.688,1040.4908
2020-01-10 04:00:00,1038.856,1040.8394
2020-01-10 05:00:00,1055.3087,1070.065
2020-01-10 06:00:00,1082.6026,1087.253
2020-01-10 07:00:00,1189.3739,1160.1483
2020-01-10 08:00:00,1358.5646,1359.4324
2020-01-10 09:00:00,1441.442,1445.1968
2020-01-10 10:00:00,1535.9506,1515.505
2020-01-10 11:00:00,1561.8585,1559.1061
2020-01-10 12:00:00,1577.0431,1568.2885
2020-01-10 13:00:00,1594.8164,1595.627
2020-01-10 14:00:00,1605.2256,1601.618
2020-01-10 15:00:00,1574.1553,1560.5345
2020-01-10 16:00:00,1486.8083,1468.6119
2020-01-10 17:00:00,1348.405,1401.8975
2020-01-10 18:00:00,1378.5822,1397.962
2020-01-10 19:00:00,1422.1301,1413.7717
2020-01-10 20:00:00,1391.8517,1366.5698
2020-01-10 21:00:00,1328.3746,1330.5784
2020-01-10 22:00:00,1295.3931,1285.6312
2020-01-10 23:00:00,1236.2925,1224.11
2020-01-11 00:00:00,1175.9983,1153.2917
2020-02-08 01:00:00,1140.6006,1132.8557
2020-02-08 02:00:00,1069.4515,1080.307
2020-02-08 03:00:00,1075.8258,1065.7849
2020-02-08 04:00:00,1058.4981,1054.5887
2020-02-08 05:00:00,1048.9462,1053.5309
2020-02-08 06:00:00,1049.1374,1050.7242
2020-02-08 07:00:00,1086.1167,1136.3416
2020-02-08 08:00:00,1213.6845,1222.1982
2020-02-08 09:00:00,1285.507,1312.2911
2020-02-08 10:00:00,1383.9016,1386.1288
2020-02-08 11:00:00,1402.8622,1429.6002
2020-02-08 12:00:00,1384.3737,1401.8984
2020-02-08 13:00:00,1377.3084,1369.4438
2020-02-08 14:00:00,1379.4142,1385.6832
2020-02-08 15:00:00,1356.6298,1366.461
2020-02-08 16:00:00,1333.684,1356.8087
2020-02-08 17:00:00,1292.6353,1295.7987
2020-02-08 18:00:00,1298.5416,1297.5514
2020-02-08 19:00:00,1348.7747,1347.0238
2020-02-08 20:00:00,1319.391,1308.4658
2020-02-08 21:00:00,1285.7023,1270.521
2020-02-08 22:00:00,1241.7775,1266.7787
2020-02-08 23:00:00,1200.0199,1190.82
2020-02-09 00:00:00,1139.2543,1131.4211
2020-02-09 01:00:00,1105.905,1100.5377
2020-02-09 02:00:00,1061.9668,1070.0529
2020-02-09 03:00:00,1043.7217,1041.7347
2020-02-09 04:00:00,1015.1731,1025.1467
2020-02-09 05:00:00,992.8953,1014.41077
2020-02-09 06:00:00,980.9485,1004.24115
2020-02-09 07:00:00,978.3079,1000.4511
2020-02-09 08:00:00,1020.7403,1052.3505
2020-02-09 09:00:00,1057.163,1107.0925
2020-02-09 10:00:00,1127.1917,1170.7802
2020-02-09 11:00:00,1179.0207,1213.5952
2020-02-09 12:00:00,1190.1736,1230.9783
2020-02-09 13:00:00,1200.9452,1233.6602
2020-02-09 14:00:00,1202.6974,1227.1112
2020-02-09 15:00:00,1204.5673,1221.1669
2020-02-09 16:00:00,1200.4163,1199.8383
2020-02-09 17:00:00,1166.7345,1148.254
2020-02-09 18:00:00,1203.1517,1203.9983
2020-02-09 19:00:00,1270.1845,1264.8135
2020-02-09 20:00:00,1281.3593,1279.3383
2020-02-09 21:00:00,1251.393,1245.8563
2020-02-09 22:00:00,1228.2984,1219.918
2020-02-09 23:00:00,1169.5148,1175.9219
2020-02-10 00:00:00,1070.19,1098.0394
2020-02-10 01:00:00,1026.7519,1055.0844
2020-02-10 02:00:00,1005.5826,1034.8229
2020-02-10 03:00:00,984.4919,1004.4825
2020-02-10 04:00:00,973.4151,985.41315
2020-02-10 05:00:00,1015.3353,1024.7743
2020-02-10 06:00:00,1052.2924,1030.8038
2020-02-10 07:00:00,1138.8573,1152.1677
2020-02-10 08:00:00,1322.0353,1320.2206
2020-02-10 09:00:00,1437.6849,1444.3876
2020-02-10 10:00:00,1532.0915,1514.7249
2020-02-10 11:00:00,1576.4834,1577.6772
2020-02-10 12:00:00,1579.243,1589.8295
2020-02-10 13:00:00,1608.4189,1613.668
2020-02-10 14:00:00,1637.0072,1626.4077
2020-02-10 15:00:00,1610.5941,1606.572
2020-02-10 16:00:00,1533.8065,1506.9691
2020-02-10 17:00:00,1419.8057,1389.7853
2020-02-10 18:00:00,1368.0177,1366.5863
2020-02-10 19:00:00,1426.8523,1403.1997
2020-02-10 20:00:00,1375.6626,1371.3568
2020-02-10 21:00:00,1340.5727,1325.6552
2020-02-10 22:00:00,1284.8294,1301.4662
2020-02-10 23:00:00,1215.3223,1208.7317
2020-02-11 00:00:00,1167.3246,1168.4413
2020-02-11 01:00:00,1121.3674,1133.9467
2020-02-11 02:00:00,1069.9261,1092.7715
2020-02-11 03:00:00,1065.4016,1057.488
2020-02-11 04:00:00,1058.0768,1034.8145
2020-02-11 05:00:00,1060.2287,1060.3406
2020-02-11 06:00:00,1077.9578,1083.9879
2020-02-11 07:00:00,1189.2831,1184.7573
2020-02-11 08:00:00,1344.6867,1332.6814
2020-02-11 09:00:00,1437.5798,1440.5605
2020-02-11 10:00:00,1515.0743,1448.7367
2020-02-11 11:00:00,1567.2993,1577.9946
2020-02-11 12:00:00,1573.2803,1567.473
2020-02-11 13:00:00,1604.2882,1612.0929
2020-02-11 14:00:00,1609.6942,1625.755
2020-02-11 15:00:00,1591.0471,1596.6929
2020-02-11 16:00:00,1511.6044,1486.4271
2020-02-11 17:00:00,1428.5907,1411.7695
2020-02-11 18:00:00,1398.325,1389.151
2020-02-11 19:00:00,1435.6585,1412.3179
2020-02-11 20:00:00,1397.8558,1381.727
2020-02-11 21:00:00,1367.5999,1339.5477
2020-02-11 22:00:00,1319.2313,1291.8844
2020-02-11 23:00:00,1242.9368,1226.924
2020-02-12 00:00:00,1163.3952,1140.1335
2020-02-12 01:00:00,1137.9112,1144.8005
2020-02-12 02:00:00,1105.9675,1090.5946
2020-02-12 03:00:00,1086.88,1088.1116
2020-02-12 04:00:00,1070.5029,1064.5809
2020-02-12 05:00:00,1081.1617,1050.2174
2020-02-12 06:00:00,1116.5259,1085.1404
2020-02-12 07:00:00,1206.0253,1189.7701
2020-02-12 08:00:00,1349.617,1335.9071
2020-02-12 09:00:00,1442.8854,1415.5259
2020-02-12 10:00:00,1501.1488,1498.1294
2020-02-12 11:00:00,1544.5339,1515.7433
2020-02-12 12:00:00,1557.3304,1541.295
2020-02-12 13:00:00,1591.7798,1586.0121
2020-02-12 14:00:00,1615.8623,1615.3517
2020-02-12 15:00:00,1610.6833,1595.0747
2020-02-12 16:00:00,1544.2556,1471.0573
2020-02-12 17:00:00,1407.8477,1367.89
2020-02-12 18:00:00,1397.1422,1363.6674
2020-02-12 19:00:00,1450.1763,1386.4252
2020-02-12 20:00:00,1394.0424,1334.9926
2020-02-12 21:00:00,1372.13,1326.2272
2020-02-12 22:00:00,1325.1764,1279.286
2020-02-12 23:00:00,1228.2867,1206.6909
2020-02-13 00:00:00,1203.0899,1149.1586
2020-02-13 01:00:00,1155.8651,1129.6237
2020-02-13 02:00:00,1111.2879,1096.0682
2020-02-13 03:00:00,1087.9015,1067.2703
2020-02-13 04:00:00,1079.7902,1061.0387
2020-02-13 05:00:00,1092.7187,1083.249
2020-02-13 06:00:00,1120.7393,1120.1187
2020-02-13 07:00:00,1227.107,1202.6056
2020-02-13 08:00:00,1368.9912,1358.4354
2020-02-13 09:00:00,1471.1406,1468.8749
2020-02-13 10:00:00,1552.7611,1517.4304
2020-02-13 11:00:00,1588.4189,1532.3748
2020-02-13 12:00:00,1597.1785,1580.4274
2020-02-13 13:00:00,1643.14,1621.9211
2020-02-13 14:00:00,1650.7056,1597.7153
2020-02-13 15:00:00,1636.6916,1621.3718
2020-02-13 16:00:00,1558.4,1535.2777
2020-02-13 17:00:00,1425.3148,1386.0774
2020-02-13 18:00:00,1407.6894,1380.1677
2020-02-13 19:00:00,1440.3865,1425.9297
2020-02-13 20:00:00,1389.8774,1385.0848
2020-02-13 21:00:00,1364.9247,1314.148
2020-02-13 22:00:00,1322.9521,1290.3075
2020-02-13 23:00:00,1258.1174,1237.9628
2020-02-14 00:00:00,1205.0728,1180.4095
2020-02-14 01:00:00,1166.5862,1135.327
2020-02-14 02:00:00,1135.4749,1130.2792
2020-02-14 03:00:00,1093.8649,1071.4261
2020-02-14 04:00:00,1084.2786,1075.6881
2020-02-14 05:00:00,1097.6806,1112.4656
2020-02-14 06:00:00,1108.5537,1117.3008
2020-02-14 07:00:00,1221.7687,1183.7933
2020-02-14 08:00:00,1380.9472,1344.0312
2020-02-14 09:00:00,1462.3987,1483.9468
2020-02-14 10:00:00,1540.7787,1542.7004
2020-02-14 11:00:00,1559.7272,1583.3647
2020-02-14 12:00:00,1562.905,1587.8531
2020-02-14 13:00:00,1584.296,1599.9783
2020-02-14 14:00:00,1605.9239,1621.1981
2020-02-14 15:00:00,1569.0205,1583.3341
2020-02-14 16:00:00,1527.4508,1534.5902
2020-02-14 17:00:00,1367.7429,1393.0424
2020-02-14 18:00:00,1336.737,1358.8207
2020-02-14 19:00:00,1428.416,1441.3179
2020-02-14 20:00:00,1381.4772,1394.915
2020-02-14 21:00:00,1329.5614,1352.6213
2020-02-14 22:00:00,1285.3698,1296.8978
2020-02-14 23:00:00,1253.9562,1267.0764
2020-02-15 00:00:00,1223.8721,1188.5172
2020-03-07 01:00:00,1100.694,1122.4408
2020-03-07 02:00:00,1065.6682,1068.6986
2020-03-07 03:00:00,1043.7562,1056.8179
2020-03-07 04:00:00,1019.4318,1039.8097
2020-03-07 05:00:00,1028.6392,1023.55896
2020-03-07 06:00:00,1029.0819,1038.0668
2020-03-07 07:00:00,1091.8782,1107.891
2020-03-07 08:00:00,1207.3783,1219.7223
2020-03-07 09:00:00,1312.6214,1363.0247
2020-03-07 10:00:00,1382.2642,1397.0386
2020-03-07 11:00:00,1409.8375,1388.2544
2020-03-07 12:00:00,1388.0279,1397.1321
2020-03-07 13:00:00,1392.644,1384.6929
2020-03-07 14:00:00,1373.669,1383.8668
2020-03-07 15:00:00,1358.5191,1331.2621
2020-03-07 16:00:00,1322.7783,1311.6606
2020-03-07 17:00:00,1290.5379,1233.235
2020-03-07 18:00:00,1293.4512,1300.0087
2020-03-07 19:00:00,1375.2616,1344.9064
2020-03-07 20:00:00,1315.7821,1337.6129
2020-03-07 21:00:00,1283.9721,1308.7373
2020-03-07 22:00:00,1255.6024,1258.1124
2020-03-07 23:00:00,1212.4542,1205.3976
2020-03-08 00:00:00,1150.7165,1123.9838
2020-03-08 01:00:00,1121.0325,1087.0125
2020-03-08 02:00:00,1092.4932,1055.0085
2020-03-08 03:00:00,1067.5544,1028.569
2020-03-08 04:00:00,1030.6368,1016.0347
2020-03-08 05:00:00,1009.4701,1012.1409
2020-03-08 06:00:00,971.2781,976.2955
2020-03-08 07:00:00,981.3682,996.50665
2020-03-08 08:00:00,1042.5043,1008.6571
2020-03-08 09:00:00,1079.6684,1083.0768
2020-03-08 10:00:00,1139.3501,1121.7579
2020-03-08 11:00:00,1179.7502,1175.3743
2020-03-08 12:00:00,1185.2083,1184.5868
2020-03-08 13:00:00,1194.2209,1190.1902
2020-03-08 14:00:00,1200.2162,1196.6444
2020-03-08 15:00:00,1207.4208,1174.1589
2020-03-08 16:00:00,1196.7439,1190.0363
2020-03-08 17:00:00,1186.9186,1150.0494
2020-03-08 18:00:00,1225.6406,1209.0187
2020-03-08 19:00:00,1280.9166,1278.4769
2020-03-08 20:00:00,1283.4224,1271.5315
2020-03-08 21:00:00,1277.9559,1262.0531
2020-03-08 22:00:00,1231.6496,1223.1404
2020-03-08 23:00:00,1195.473,1218.838
2020-03-09 00:00:00,1130.0947,1104.0133
2020-03-09 01:00:00,1075.9897,1071.788
2020-03-09 02:00:00,1040.5479,1040.7794
2020-03-09 03:00:00,1014.7098,1006.27924
2020-03-09 04:00:00,1004.5279,1000.48267
2020-03-09 05:00:00,1039.6735,1035.268
2020-03-09 06:00:00,1066.5852,1072.1089
2020-03-09 07:00:00,1179.9425,1183.3282
2020-03-09 08:00:00,1405.2784,1351.989
2020-03-09 09:00:00,1478.6181,1480.6433
2020-03-09 10:00:00,1557.3334,1535.318
2020-03-09 11:00:00,1577.6041,1542.9172
2020-03-09 12:00:00,1586.933,1575.1964
2020-03-09 13:00:00,1621.5747,1604.557
2020-03-09 14:00:00,1620.0056,1601.6665
2020-03-09 15:00:00,1585.9989,1550.0789
2020-03-09 16:00:00,1502.424,1409.6031
2020-03-09 17:00:00,1405.2929,1336.5656
2020-03-09 18:00:00,1341.9425,1347.7699
2020-03-09 19:00:00,1411.2171,1401.7102
2020-03-09 20:00:00,1360.049,1363.7493
2020-03-09 21:00:00,1338.3996,1348.4664
2020-03-09 22:00:00,1280.1461,1254.9945
2020-03-09 23:00:00,1212.9147,1178.6034
2020-03-10 00:00:00,1138.9221,1148.2982
2020-03-10 01:00:00,1100.1414,1098.0869
2020-03-10 02:00:00,1073.7297,1029.875
2020-03-10 03:00:00,1042.8943,1047.6888
2020-03-10 04:00:00,1036.9465,1039.6963
2020-03-10 05:00:00,1057.0998,1056.5729
2020-03-10 06:00:00,1070.9013,1071.943
2020-03-10 07:00:00,1191.869,1185.1304
2020-03-10 08:00:00,1359.2613,1342.369
2020-03-10 09:00:00,1470.0993,1465.7137
2020-03-10 10:00:00,1544.2839,1557.8755
2020-03-10 11:00:00,1576.2743,1580.328
2020-03-10 12:00:00,1579.0728,1559.2339
2020-03-10 13:00:00,1619.6667,1605.6364
2020-03-10 14:00:00,1643.7247,1633.2566
2020-03-10 15:00:00,1595.3472,1546.8516
2020-03-10 16:00:00,1524.6631,1486.0045
2020-03-10 17:00:00,1404.547,1348.802
2020-03-10 18:00:00,1368.3916,1346.1434
2020-03-10 19:00:00,1408.2269,1401.9084
2020-03-10 20:00:00,1372.8238,1355.3511
2020-03-10 21:00:00,1328.0956,1330.0884
2020-03-10 22:00:00,1286.9079,1273.481
2020-03-10 23:00:00,1205.4112,1202.9231
2020-03-11 00:00:00,1137.8,1128.9735
2020-03-11 01:00:00,1081.266,1102.324
2020-03-11 02:00:00,1065.3052,1085.242
2020-03-11 03:00:00,1018.085,1039.4441
2020-03-11 04:00:00,1038.0731,1017.9095
2020-03-11 05:00:00,1041.7823,1047.1315
2020-03-11 06:00:00,1074.3952,1077.1523
2020-03-11 07:00:00,1185.5511,1183.6757
2020-03-11 08:00:00,1345.415,1336.0903
2020-03-11 09:00:00,1426.7424,1346.4928
2020-03-11 10:00:00,1506.8943,1512.3883
2020-03-11 11:00:00,1547.1077,1555.8552
2020-03-11 12:00:00,1564.0773,1538.343
2020-03-11 13:00:00,1611.7421,1507.8269
2020-03-11 14:00:00,1638.3013,1604.0352
2020-03-11 15:00:00,1590.3135,1518.442
2020-03-11 16:00:00,1520.5527,1494.1163
2020-03-11 17:00:00,1394.3462,1348.7184
2020-03-11 18:00:00,1354.4256,1344.1051
2020-03-11 19:00:00,1401.7057,1401.0958
2020-03-11 20:00:00,1367.1769,1388.8796
2020-03-11 21:00:00,1362.1587,1351.3904
2020-03-11 22:00:00,1298.0293,1293.6079
2020-03-11 23:00:00,1223.6741,1224.0048
2020-03-12 00:00:00,1142.6111,1146.3014
2020-03-12 01:00:00,1091.9788,1061.1908
2020-03-12 02:00:00,1067.1231,1055.4352
2020-03-12 03:00:00,1035.3539,1037.2668
2020-03-12 04:00:00,1043.095,1014.36414
2020-03-12 05:00:00,1061.155,1044.9524
2020-03-12 06:00:00,1080.0906,1077.9312
2020-03-12 07:00:00,1186.5325,1156.2759
2020-03-12 08:00:00,1376.4477,1318.2936
2020-03-12 09:00:00,1429.5105,1373.5569
2020-03-12 10:00:00,1497.7007,1502.601
2020-03-12 11:00:00,1545.9295,1543.054
2020-03-12 12:00:00,1566.1427,1567.5107
2020-03-12 13:00:00,1599.4331,1587.174
2020-03-12 14:00:00,1595.3208,1570.8167
2020-03-12 15:00:00,1558.8549,1545.0514
2020-03-12 16:00:00,1492.4665,1479.0049
2020-03-12 17:00:00,1407.9844,1368.9038
2020-03-12 18:00:00,1361.509,1347.8632
2020-03-12 19:00:00,1405.3519,1372.0059
2020-03-12 20:00:00,1384.2734,1388.1626
2020-03-12 21:00:00,1354.5208,1354.1385
2020-03-12 22:00:00,1282.2185,1287.2474
2020-03-12 23:00:00,1211.4243,1209.728
2020-03-13 00:00:00,1142.9813,1115.4478
2020-03-13 01:00:00,1090.8723,1086.6302
2020-03-13 02:00:00,1070.0566,1045.1108
2020-03-13 03:00:00,1026.4606,1019.4422
2020-03-13 04:00:00,1030.3985,1006.1096
2020-03-13 05:00:00,1046.0184,1028.9479
2020-03-13 06:00:00,1054.964,1048.6741
2020-03-13 07:00:00,1168.9747,1136.7885
2020-03-13 08:00:00,1336.6004,1342.1226
2020-03-13 09:00:00,1390.4215,1404.677
2020-03-13 10:00:00,1472.4836,1478.3578
2020-03-13 11:00:00,1529.6751,1533.9071
2020-03-13 12:00:00,1540.3465,1548.4856
2020-03-13 13:00:00,1582.2665,1576.1187
2020-03-13 14:00:00,1613.5006,1564.7122
2020-03-13 15:00:00,1590.7496,1574.0541
2020-03-13 16:00:00,1493.3091,1484.4103
2020-03-13 17:00:00,1382.3465,1363.0775
2020-03-13 18:00:00,1335.5001,1332.7643
2020-03-13 19:00:00,1369.3283,1365.285
2020-03-13 20:00:00,1361.6459,1345.7595
2020-03-13 21:00:00,1333.5203,1330.9354
2020-03-13 22:00:00,1306.1054,1277.3453
2020-03-13 23:00:00,1238.2316,1195.4023
2020-03-14 00:00:00,1167.529,1129.2468
2020-05-16 01:00:00,1042.7384,1079.6375
2020-05-16 02:00:00,1018.0739,1036.3549
2020-05-16 03:00:00,990.8119,998.98364
2020-05-16 04:00:00,968.3755,986.07904
2020-05-16 05:00:00,948.7916,963.515
2020-05-16 06:00:00,910.7334,934.2986
2020-05-16 07:00:00,952.7934,958.2271
2020-05-16 08:00:00,1007.1548,1008.74695
2020-05-16 09:00:00,1044.3595,1004.2161
2020-05-16 10:00:00,1071.8168,995.50684
2020-05-16 11:00:00,1093.9757,1027.9143
2020-05-16 12:00:00,1117.1617,1071.6327
2020-05-16 13:00:00,1136.1638,1099.6433
2020-05-16 14:00:00,1154.4397,1105.9882
2020-05-16 15:00:00,1157.5855,1074.9946
2020-05-16 16:00:00,1134.6943,1061.2136
2020-05-16 17:00:00,1120.358,1027.5905
2020-05-16 18:00:00,1161.4641,1115.7025
2020-05-16 19:00:00,1228.5474,1196.5884
2020-05-16 20:00:00,1241.8254,1199.7126
2020-05-16 21:00:00,1234.5653,1187.7732
2020-05-16 22:00:00,1216.6713,1186.5009
2020-05-16 23:00:00,1172.17,1121.597
2020-05-17 00:00:00,1147.8573,1087.831
2020-05-17 01:00:00,1116.1068,1056.8845
2020-05-17 02:00:00,1078.9363,1038.6515
2020-05-17 03:00:00,1054.626,1022.016
2020-05-17 04:00:00,1029.658,975.21075
2020-05-17 05:00:00,1004.6207,954.8978
2020-05-17 06:00:00,930.5016,908.2043
2020-05-17 07:00:00,947.9355,892.5316
2020-05-17 08:00:00,962.7134,924.8034
2020-05-17 09:00:00,971.5890000000004,949.7515
2020-05-17 10:00:00,991.7822,954.94806
2020-05-17 11:00:00,1001.8618,1022.02216
2020-05-17 12:00:00,986.638,976.1402
2020-05-17 13:00:00,931.0387,994.19617
2020-05-17 14:00:00,922.8659,1025.347
2020-05-17 15:00:00,922.4819,1001.4983
2020-05-17 16:00:00,921.4645,1024.9054
2020-05-17 17:00:00,911.0516,1022.28485
2020-05-17 18:00:00,985.602,1096.8004
2020-05-17 19:00:00,1059.2582,1192.1945
2020-05-17 20:00:00,1072.0883,1192.7762
2020-05-17 21:00:00,1073.2228,1177.8743
2020-05-17 22:00:00,1054.992,1156.8331
2020-05-17 23:00:00,1041.1077,1128.4459
2020-05-18 00:00:00,992.4469,1095.7269
2020-05-18 01:00:00,957.74,1038.0338
2020-05-18 02:00:00,940.8032,1016.2716
2020-05-18 03:00:00,924.4359,1030.8435
2020-05-18 04:00:00,911.5082,962.0585
2020-05-18 05:00:00,911.3499,988.1585
2020-05-18 06:00:00,890.1755999999998,972.20544
2020-05-18 07:00:00,983.9244,1060.167
2020-05-18 08:00:00,1082.9722,1133.1685
2020-05-18 09:00:00,1128.8913,1170.2534
2020-05-18 10:00:00,1152.9275,1207.8821
2020-05-18 11:00:00,1193.7247,1218.3608
2020-05-18 12:00:00,1204.8536,1242.7867
2020-05-18 13:00:00,1224.6798,1258.4172
2020-05-18 14:00:00,1209.7576,1238.0942
2020-05-18 15:00:00,1182.8966,1228.8983
2020-05-18 16:00:00,1085.7513,1151.6091
2020-05-18 17:00:00,1055.5036,1130.8654
2020-05-18 18:00:00,1109.3898,1190.5944
2020-05-18 19:00:00,1137.4698,1247.4746
2020-05-18 20:00:00,1140.8957,1251.4609
2020-05-18 21:00:00,1122.4971,1242.5176
2020-05-18 22:00:00,1104.2686,1221.0916
2020-05-18 23:00:00,1087.8117,1163.8417
2020-05-19 00:00:00,1069.0625,1117.9822
2020-05-19 01:00:00,1029.0093,1059.1769
2020-05-19 02:00:00,994.0339,1048.2631
2020-05-19 03:00:00,974.323,1018.8643
2020-05-19 04:00:00,965.6241,1000.8955
2020-05-19 05:00:00,956.2636,995.6404
2020-05-19 06:00:00,934.3141,957.4414
2020-05-19 07:00:00,1015.9395,1052.2722
2020-05-19 08:00:00,1101.4365,1130.0217
2020-05-19 09:00:00,1154.0517,1158.0198
2020-05-19 10:00:00,1187.8629,1198.5143
2020-05-19 11:00:00,1203.7384,1215.697
2020-05-19 12:00:00,1191.6478,1228.6141
2020-05-19 13:00:00,1141.3986,1249.0251
2020-05-19 14:00:00,1110.2891,1213.5883
2020-05-19 15:00:00,1054.1162,1199.1785
2020-05-19 16:00:00,1014.419,1186.4403
2020-05-19 17:00:00,994.0144,1149.1058
2020-05-19 18:00:00,1066.3154,1197.6003
2020-05-19 19:00:00,1077.4685,1251.7185
2020-05-19 20:00:00,1084.4737,1254.5575
2020-05-19 21:00:00,1077.7786,1249.4951
2020-05-19 22:00:00,1044.4724,1179.4076
2020-05-19 23:00:00,997.7907,1163.811
2020-05-20 00:00:00,980.3357,1096.7354
2020-05-20 01:00:00,944.9162,1055.1809
2020-05-20 02:00:00,916.0126,1023.16925
2020-05-20 03:00:00,899.3243,997.8827
2020-05-20 04:00:00,893.645,984.8443
2020-05-20 05:00:00,897.1153,980.8243
2020-05-20 06:00:00,881.0513000000002,959.45746
2020-05-20 07:00:00,950.5542,1014.9233
2020-05-20 08:00:00,1028.0733,1114.844
2020-05-20 09:00:00,1097.1703,1154.7863
2020-05-20 10:00:00,1125.2849,1158.9214
2020-05-20 11:00:00,1165.2615,1208.7454
2020-05-20 12:00:00,1156.4927,1201.3682
2020-05-20 13:00:00,1183.3632,1210.5541
2020-05-20 14:00:00,1189.1039,1231.2703
2020-05-20 15:00:00,1176.7487,1211.5686
2020-05-20 16:00:00,1140.1083,1159.6012
2020-05-20 17:00:00,1091.5216,1141.6951
2020-05-20 18:00:00,1133.2739,1212.1809
2020-05-20 19:00:00,1205.7537,1256.0704
2020-05-20 20:00:00,1196.7361,1243.858
2020-05-20 21:00:00,1191.577,1241.7664
2020-05-20 22:00:00,1162.1455,1198.099
2020-05-20 23:00:00,1106.2033,1154.4039
2020-05-21 00:00:00,1064.1438,1126.9751
2020-05-21 01:00:00,1019.8335,1068.7963
2020-05-21 02:00:00,995.221,1058.1959
2020-05-21 03:00:00,979.0304,1022.22064
2020-05-21 04:00:00,959.2989,1008.9667
2020-05-21 05:00:00,944.2864,1004.232
2020-05-21 06:00:00,922.755,951.63196
2020-05-21 07:00:00,1046.5742,1053.1816
2020-05-21 08:00:00,1153.7284,1130.1113
2020-05-21 09:00:00,1195.1014,1153.7972
2020-05-21 10:00:00,1235.3623,1210.9484
2020-05-21 11:00:00,1268.0402,1214.9901
2020-05-21 12:00:00,1273.6286,1236.8613
2020-05-21 13:00:00,1295.9828,1248.1602
2020-05-21 14:00:00,1305.1876,1257.7864
2020-05-21 15:00:00,1284.1872,1243.2324
2020-05-21 16:00:00,1193.9796,1160.0607
2020-05-21 17:00:00,1138.2597,1137.7697
2020-05-21 18:00:00,1170.5648,1175.2937
2020-05-21 19:00:00,1261.4799,1241.3323
2020-05-21 20:00:00,1273.3661,1222.7163
2020-05-21 21:00:00,1266.0721,1229.6934
2020-05-21 22:00:00,1243.002,1211.4819
2020-05-21 23:00:00,1181.5265,1132.2499
2020-05-22 00:00:00,1125.455,1110.4135
2020-05-22 01:00:00,1089.9729,1075.8744
2020-05-22 02:00:00,1059.7069,1042.1292
2020-05-22 03:00:00,1019.0645,1012.7376
2020-05-22 04:00:00,1003.769,998.4947
2020-05-22 05:00:00,994.2662,978.80756
2020-05-22 06:00:00,970.8186,955.143
2020-05-22 07:00:00,1066.7816,1037.4764
2020-05-22 08:00:00,1155.329,1121.3086
2020-05-22 09:00:00,1208.5357,1147.1392
2020-05-22 10:00:00,1237.8368,1162.592
2020-05-22 11:00:00,1276.2121,1162.3907
2020-05-22 12:00:00,1291.3889,1229.9293
2020-05-22 13:00:00,1276.0539,1264.4269
2020-05-22 14:00:00,1186.3372,1220.4562
2020-05-22 15:00:00,1097.3725,1146.5515
2020-05-22 16:00:00,1047.6496,1114.218
2020-05-22 17:00:00,1032.061,1094.8408
2020-05-22 18:00:00,1068.8867,1165.4315
2020-05-22 19:00:00,1097.4282,1217.1013
2020-05-22 20:00:00,1101.6727,1216.1881
2020-05-22 21:00:00,1094.3264,1172.0396
2020-05-22 22:00:00,1071.634,1179.3057
2020-05-22 23:00:00,1037.3756,1140.0261
2020-05-23 00:00:00,1001.4855,1143.5417
2020-06-13 01:00:00,1010.6531,1001.64655
2020-06-13 02:00:00,976.2663,946.37885
2020-06-13 03:00:00,947.0559,927.0632
2020-06-13 04:00:00,930.6396,918.94666
2020-06-13 05:00:00,922.1306,895.6796
2020-06-13 06:00:00,865.5554,902.2483
2020-06-13 07:00:00,957.0903,974.22906
2020-06-13 08:00:00,1022.75,1033.9203
2020-06-13 09:00:00,1059.0593,1071.5063
2020-06-13 10:00:00,1093.9261,1122.1829
2020-06-13 11:00:00,1105.1414,1175.1239
2020-06-13 12:00:00,1110.6754,1164.1683
2020-06-13 13:00:00,1111.806,1154.9636
2020-06-13 14:00:00,1104.6386,1184.6462
2020-06-13 15:00:00,1083.9444,1198.6628
2020-06-13 16:00:00,1064.1251,1166.763
2020-06-13 17:00:00,1040.5547,1158.5856
2020-06-13 18:00:00,1088.7196,1181.4305
2020-06-13 19:00:00,1182.4094,1270.9681
2020-06-13 20:00:00,1192.5682,1248.6025
2020-06-13 21:00:00,1160.9196,1230.7323
2020-06-13 22:00:00,1118.9703,1193.376
2020-06-13 23:00:00,1091.4122,1174.638
2020-06-14 00:00:00,1048.9228,1194.5381
2020-06-14 01:00:00,1023.3747,1090.2773
2020-06-14 02:00:00,978.6669,1067.5042
2020-06-14 03:00:00,951.055,1046.2504
2020-06-14 04:00:00,941.647,993.3026
2020-06-14 05:00:00,923.1551,986.765
2020-06-14 06:00:00,855.1638,930.66504
2020-06-14 07:00:00,873.8285,934.42175
2020-06-14 08:00:00,905.4061,944.95325
2020-06-14 09:00:00,928.3636,993.18854
2020-06-14 10:00:00,950.2173,1017.59265
2020-06-14 11:00:00,973.1005,1038.4673
2020-06-14 12:00:00,1009.7185,1064.8547
2020-06-14 13:00:00,1045.4167,1074.3352
2020-06-14 14:00:00,1049.0727,1118.342
2020-06-14 15:00:00,1050.8799,1086.2753
2020-06-14 16:00:00,1038.5744,1098.0732
2020-06-14 17:00:00,1037.3572,1029.8691
2020-06-14 18:00:00,1076.772,1059.6152
2020-06-14 19:00:00,1190.3415,1192.255
2020-06-14 20:00:00,1204.9415,1254.06
2020-06-14 21:00:00,1212.6158,1197.8423
2020-06-14 22:00:00,1178.2315,1165.6705
2020-06-14 23:00:00,1152.6779,1122.5813
2020-06-15 00:00:00,1098.5467,1101.1104
2020-06-15 01:00:00,1054.2033,1055.4319
2020-06-15 02:00:00,1023.5766,1008.8968
2020-06-15 03:00:00,997.3501,985.8037
2020-06-15 04:00:00,968.2188,964.4881
2020-06-15 05:00:00,988.9068,995.5024
2020-06-15 06:00:00,972.1547,972.67804
2020-06-15 07:00:00,1065.6265,1078.4664
2020-06-15 08:00:00,1201.0207,1192.0546
2020-06-15 09:00:00,1243.1802,1249.7809
2020-06-15 10:00:00,1258.241,1286.1527
2020-06-15 11:00:00,1238.566,1340.5648
2020-06-15 12:00:00,1214.6928,1311.6155
2020-06-15 13:00:00,1199.6353,1357.8124
2020-06-15 14:00:00,1179.171,1326.4305
2020-06-15 15:00:00,1147.4587,1263.5159
2020-06-15 16:00:00,1069.8383,1197.9905
2020-06-15 17:00:00,1041.2469,1119.9016
2020-06-15 18:00:00,1083.0047,1230.8207
2020-06-15 19:00:00,1134.7596,1247.0193
2020-06-15 20:00:00,1147.7872,1234.9885
2020-06-15 21:00:00,1145.3204,1247.2878
2020-06-15 22:00:00,1097.5905,1212.1646
2020-06-15 23:00:00,1057.2036,1140.016
2020-06-16 00:00:00,1009.8091,1088.9094
2020-06-16 01:00:00,970.4887,1057.6157
2020-06-16 02:00:00,936.6285,1043.2428
2020-06-16 03:00:00,913.0119,1002.26
2020-06-16 04:00:00,907.3773,993.89624
2020-06-16 05:00:00,897.273,1007.0078
2020-06-16 06:00:00,897.8859,966.14716
2020-06-16 07:00:00,988.4364,1066.4244
2020-06-16 08:00:00,1113.6194,1176.3335
2020-06-16 09:00:00,1179.3587,1254.0176
2020-06-16 10:00:00,1232.1053,1307.6813
2020-06-16 11:00:00,1273.0777,1349.6506
2020-06-16 12:00:00,1280.5361,1334.7355
2020-06-16 13:00:00,1290.4091,1333.2163
2020-06-16 14:00:00,1292.4443,1303.9862
2020-06-16 15:00:00,1281.1562,1221.6223
2020-06-16 16:00:00,1205.978,1143.2544
2020-06-16 17:00:00,1118.5884,1095.9086
2020-06-16 18:00:00,1150.1815,1156.2784
2020-06-16 19:00:00,1236.3367,1253.0681
2020-06-16 20:00:00,1236.4751,1232.8926
2020-06-16 21:00:00,1226.7375,1216.6631
2020-06-16 22:00:00,1201.0245,1131.7686
2020-06-16 23:00:00,1157.4846,1107.7327
2020-06-17 00:00:00,1109.3721,1076.1079
2020-06-17 01:00:00,1061.0959,1012.3145
2020-06-17 02:00:00,1029.2499,977.32544
2020-06-17 03:00:00,1004.5562,897.1588
2020-06-17 04:00:00,984.0419,929.44586
2020-06-17 05:00:00,982.5697,936.7073
2020-06-17 06:00:00,961.5173,946.6349
2020-06-17 07:00:00,1055.3229,1058.5479
2020-06-17 08:00:00,1190.1985,1146.0017
2020-06-17 09:00:00,1253.2019,1167.8967
2020-06-17 10:00:00,1277.0975,1223.1138
2020-06-17 11:00:00,1306.1125,1247.7086
2020-06-17 12:00:00,1324.8691,1238.6826
2020-06-17 13:00:00,1344.9218,1247.5924
2020-06-17 14:00:00,1336.5338,1241.4009
2020-06-17 15:00:00,1274.5531,1140.7609
2020-06-17 16:00:00,1192.3837,1080.8315
2020-06-17 17:00:00,1121.3599,1052.0311
2020-06-17 18:00:00,1148.5644,1109.2777
2020-06-17 19:00:00,1217.6139,1186.7181
2020-06-17 20:00:00,1218.6806,1175.5546
2020-06-17 21:00:00,1206.0313,1167.7687
2020-06-17 22:00:00,1179.8286,1122.1143
2020-06-17 23:00:00,1137.1812,1077.2501
2020-06-18 00:00:00,1051.2232,1066.4487
2020-06-18 01:00:00,1005.4278,1047.8058
2020-06-18 02:00:00,1006.878,1010.8283
2020-06-18 03:00:00,991.3314,982.0307
2020-06-18 04:00:00,973.0022,971.4423
2020-06-18 05:00:00,987.8975,958.85913
2020-06-18 06:00:00,972.5099,964.1372
2020-06-18 07:00:00,1059.3991,1080.0542
2020-06-18 08:00:00,1150.6647,1160.4424
2020-06-18 09:00:00,1168.5639,1256.124
2020-06-18 10:00:00,1176.9177,1289.1222
2020-06-18 11:00:00,1166.4138,1329.1785
2020-06-18 12:00:00,1173.8161,1320.7559
2020-06-18 13:00:00,1202.2643,1341.796
2020-06-18 14:00:00,1228.4353,1336.7355
2020-06-18 15:00:00,1217.5869,1297.1787
2020-06-18 16:00:00,1150.1136,1243.0394
2020-06-18 17:00:00,1110.4451,1126.0068
2020-06-18 18:00:00,1129.1091,1187.2281
2020-06-18 19:00:00,1215.7961,1264.8846
2020-06-18 20:00:00,1184.3943,1287.2063
2020-06-18 21:00:00,1184.9695,1226.2968
2020-06-18 22:00:00,1153.1495,1219.9166
2020-06-18 23:00:00,1117.2035,1150.2686
2020-06-19 00:00:00,1074.466,1088.3423
2020-06-19 01:00:00,1043.9968,1046.7295
2020-06-19 02:00:00,1020.7302,1036.3945
2020-06-19 03:00:00,993.1523,1011.997
2020-06-19 04:00:00,980.9,977.2328
2020-06-19 05:00:00,977.1489,980.322
2020-06-19 06:00:00,960.5081,959.5035
2020-06-19 07:00:00,1067.0716,1078.4824
2020-06-19 08:00:00,1178.5475,1185.0372
2020-06-19 09:00:00,1198.2837,1247.2592
2020-06-19 10:00:00,1209.1371,1244.7821
2020-06-19 11:00:00,1226.3597,1296.4087
2020-06-19 12:00:00,1237.5232,1304.2778
2020-06-19 13:00:00,1248.0341,1297.7572
2020-06-19 14:00:00,1254.2509,1262.1318
2020-06-19 15:00:00,1230.3756,1212.6052
2020-06-19 16:00:00,1174.8661,1135.0785
2020-06-19 17:00:00,1128.9328,1106.813
2020-06-19 18:00:00,1152.4132,1146.5498
2020-06-19 19:00:00,1213.6226,1227.3705
2020-06-19 20:00:00,1207.3977,1229.6532
2020-06-19 21:00:00,1175.9687,1191.2026
2020-06-19 22:00:00,1123.2326,1126.6306
2020-06-19 23:00:00,1080.356,1109.9602
2020-06-20 00:00:00,1049.7208,1068.0598
